canonicalName,domain,status,shortStatus,directionStatus,unitStatus,consumerState,failureReason,fingerprint
electrical.mode,electrical,planned,not_run,not_run,not_run,SimulationInput_block_parameter,,258813_740208.457|RouteA_Panel_TrustAudit_v07|electrical.mode|Current|Power|-|10|600
electrical.current.profile,electrical,planned,not_run,not_run,not_run,write_target_library_boundary_verified,,258813_740208.457|RouteA_Panel_TrustAudit_v07|electrical.current.profile|100|392|A|10|600
electrical.power.profile,electrical,planned,not_run,not_run,not_run,write_target_library_boundary_verified,,258813_740208.457|RouteA_Panel_TrustAudit_v07|electrical.power.profile|40|150|kW|10|600
electrical.voltage.profile,electrical,planned,not_run,not_run,not_run,write_target_referenced,,258813_740208.457|RouteA_Panel_TrustAudit_v07|electrical.voltage.profile|410|0|V|10|600
electrical.voltageController.Kp_A_V,electrical,planned,not_run,not_run,not_run,write_target_referenced,,258813_740208.457|RouteA_Panel_TrustAudit_v07|electrical.voltageController.Kp_A_V|1|1.1|A/V|10|600
electrical.voltageController.Ki_A_V_s,electrical,planned,not_run,not_run,not_run,write_target_referenced,,258813_740208.457|RouteA_Panel_TrustAudit_v07|electrical.voltageController.Ki_A_V_s|0.05|0.05500000000000001|A/V/s|10|600
electrical.voltageController.currentMin_A,electrical,planned,not_run,not_run,not_run,write_target_referenced,,258813_740208.457|RouteA_Panel_TrustAudit_v07|electrical.voltageController.currentMin_A|0|392|A|10|600
electrical.voltageController.currentMax_A,electrical,planned,not_run,not_run,not_run,write_target_referenced,,258813_740208.457|RouteA_Panel_TrustAudit_v07|electrical.voltageController.currentMax_A|392|0|A|10|600
cathode.airControlMode,cathode,planned,not_run,not_run,not_run,write_target_referenced,,258813_740208.457|RouteA_Panel_TrustAudit_v07|cathode.airControlMode|2|3|-|10|600
cathode.targetOer,cathode,planned,not_run,not_run,not_run,write_target_referenced,,258813_740208.457|RouteA_Panel_TrustAudit_v07|cathode.targetOer|3|5|-|10|600
cathode.targetMdot_kg_s,cathode,planned,not_run,not_run,not_run,write_target_referenced,,258813_740208.457|RouteA_Panel_TrustAudit_v07|cathode.targetMdot_kg_s|0.045|0.0495|kg/s|10|600
cathode.directCommand,cathode,planned,not_run,not_run,not_run,write_target_referenced,,258813_740208.457|RouteA_Panel_TrustAudit_v07|cathode.directCommand|0.5|1|-|10|600
cathode.sourcePressure_MPa_abs,cathode,planned,not_run,not_run,not_run,write_target_referenced,,258813_740208.457|RouteA_Panel_TrustAudit_v07|cathode.sourcePressure_MPa_abs|0.15|0.5|MPa(abs)|10|600
cathode.sourceTemperature_C,cathode,planned,not_run,not_run,not_run,write_target_referenced,,258813_740208.457|RouteA_Panel_TrustAudit_v07|cathode.sourceTemperature_C|20|60|degC|10|600
cathode.outletPressure_MPa_abs,cathode,planned,not_run,not_run,not_run,write_target_referenced,,258813_740208.457|RouteA_Panel_TrustAudit_v07|cathode.outletPressure_MPa_abs|0.1613|0.3|MPa(abs)|10|600
cathode.humidifierRH,cathode,planned,not_run,not_run,not_run,write_target_referenced,,258813_740208.457|RouteA_Panel_TrustAudit_v07|cathode.humidifierRH|0.9|0|-|10|600
cathode.humidifierEnabled,cathode,planned,not_run,not_run,not_run,write_target_referenced,,258813_740208.457|RouteA_Panel_TrustAudit_v07|cathode.humidifierEnabled|1|0|-|10|600
cathode.o2MoleFraction,cathode,planned,not_run,not_run,not_run,write_target_referenced,,258813_740208.457|RouteA_Panel_TrustAudit_v07|cathode.o2MoleFraction|0.21|0.15|-|10|600
cathode.h2oMoleFraction,cathode,planned,not_run,not_run,not_run,write_target_referenced,,258813_740208.457|RouteA_Panel_TrustAudit_v07|cathode.h2oMoleFraction|0.0115436|0.04|-|10|600
cegr.enabled,cegr,planned,not_run,not_run,not_run,write_target_referenced,,258813_740208.457|RouteA_Panel_TrustAudit_v07|cegr.enabled|false|true|-|10|600
cegr.targetRatio,cegr,planned,not_run,not_run,not_run,write_target_referenced,,258813_740208.457|RouteA_Panel_TrustAudit_v07|cegr.targetRatio|0|0.5|-|10|600
cegr.controlMode,cegr,planned,not_run,not_run,not_run,write_target_referenced,,258813_740208.457|RouteA_Panel_TrustAudit_v07|cegr.controlMode|1|2|-|10|600
cegr.targetInputMode,cegr,planned,not_run,not_run,not_run,write_target_referenced,,258813_740208.457|RouteA_Panel_TrustAudit_v07|cegr.targetInputMode|1|1|-|10|600
cegr.controller.Kp_area,cegr,planned,not_run,not_run,not_run,write_target_referenced,,258813_740208.457|RouteA_Panel_TrustAudit_v07|cegr.controller.Kp_area|0.00019635|0.000215985|m^2|10|600
cegr.controller.Ki_area,cegr,planned,not_run,not_run,not_run,write_target_referenced,,258813_740208.457|RouteA_Panel_TrustAudit_v07|cegr.controller.Ki_area|3.927e-05|4.3197e-05|m^2/s|10|600
cegr.actuatorTau_s,cegr,planned,not_run,not_run,not_run,write_target_referenced,,258813_740208.457|RouteA_Panel_TrustAudit_v07|cegr.actuatorTau_s|0.5|0.55|s|10|600
anode.sourcePressure_MPa_abs,anode,planned,not_run,not_run,not_run,write_target_referenced,,258813_740208.457|RouteA_Panel_TrustAudit_v07|anode.sourcePressure_MPa_abs|0.3|0.5|MPa(abs)|10|600
anode.sourceTemperature_C,anode,planned,not_run,not_run,not_run,write_target_referenced,,258813_740208.457|RouteA_Panel_TrustAudit_v07|anode.sourceTemperature_C|20|60|degC|10|600
anode.h2MoleFraction,anode,planned,not_run,not_run,not_run,write_target_referenced,,258813_740208.457|RouteA_Panel_TrustAudit_v07|anode.h2MoleFraction|0.9997|0.9|-|10|600
anode.inletPressure_MPa_abs,anode,planned,not_run,not_run,not_run,write_target_referenced,,258813_740208.457|RouteA_Panel_TrustAudit_v07|anode.inletPressure_MPa_abs|0.1613|0.3|MPa(abs)|10|600
anode.humidifierRH,anode,planned,not_run,not_run,not_run,write_target_referenced,,258813_740208.457|RouteA_Panel_TrustAudit_v07|anode.humidifierRH|1|0|-|10|600
anode.recirculationBaseCommand,anode,planned,not_run,not_run,not_run,write_target_referenced,,258813_740208.457|RouteA_Panel_TrustAudit_v07|anode.recirculationBaseCommand|0.2|1|-|10|600
anode.recirculationCurrentGain_A_inv,anode,planned,not_run,not_run,not_run,write_target_referenced,,258813_740208.457|RouteA_Panel_TrustAudit_v07|anode.recirculationCurrentGain_A_inv|0.00204|1|1/A|10|600
anode.purgeEnabled,anode,planned,not_run,not_run,not_run,write_target_referenced,,258813_740208.457|RouteA_Panel_TrustAudit_v07|anode.purgeEnabled|1|0|-|10|600
anode.purgeOnN2MoleFraction,anode,planned,not_run,not_run,not_run,write_target_referenced,,258813_740208.457|RouteA_Panel_TrustAudit_v07|anode.purgeOnN2MoleFraction|0.5|1|-|10|600
anode.purgeOffN2MoleFraction,anode,planned,not_run,not_run,not_run,write_target_referenced,,258813_740208.457|RouteA_Panel_TrustAudit_v07|anode.purgeOffN2MoleFraction|0.1|1|-|10|600
stack.numCells,stack,planned,not_run,not_run,not_run,write_target_referenced,,258813_740208.457|RouteA_Panel_TrustAudit_v07|stack.numCells|400|1000|-|10|600
stack.area_cm2,stack,planned,not_run,not_run,not_run,write_target_referenced,,258813_740208.457|RouteA_Panel_TrustAudit_v07|stack.area_cm2|280|1000|cm^2|10|600
stack.iL_A_cm2,stack,planned,not_run,not_run,not_run,write_target_referenced,,258813_740208.457|RouteA_Panel_TrustAudit_v07|stack.iL_A_cm2|1.4|5|A/cm^2|10|600
stack.io_A_cm2,stack,planned,not_run,not_run,not_run,write_target_referenced,,258813_740208.457|RouteA_Panel_TrustAudit_v07|stack.io_A_cm2|0.0001|0.1|A/cm^2|10|600
device.stack.alpha,stack,planned,not_run,not_run,not_run,write_target_referenced,,258813_740208.457|RouteA_Panel_TrustAudit_v07|device.stack.alpha|0.7|1.5|-|10|600
device.stack.meaCp_J_kgK,stack,planned,not_run,not_run,not_run,write_target_referenced,,258813_740208.457|RouteA_Panel_TrustAudit_v07|device.stack.meaCp_J_kgK|870|5000|J/(kg*K)|10|600
device.stack.meaRho_kg_m3,stack,planned,not_run,not_run,not_run,write_target_referenced,,258813_740208.457|RouteA_Panel_TrustAudit_v07|device.stack.meaRho_kg_m3|1800|5000|kg/m^3|10|600
device.stack.gdlThickness_um,stack,planned,not_run,not_run,not_run,write_target_referenced,,258813_740208.457|RouteA_Panel_TrustAudit_v07|device.stack.gdlThickness_um|250|2000|um|10|600
device.stack.membraneThickness_um,stack,planned,not_run,not_run,not_run,write_target_referenced,,258813_740208.457|RouteA_Panel_TrustAudit_v07|device.stack.membraneThickness_um|125|1000|um|10|600
device.cathode.intercoolerMdotNominal_kg_s,cathode,planned,not_run,not_run,not_run,write_target_referenced,,258813_740208.457|RouteA_Panel_TrustAudit_v07|device.cathode.intercoolerMdotNominal_kg_s|0.1|1|kg/s|10|600
device.cathode.intercoolerDpNominal_MPa,cathode,planned,not_run,not_run,not_run,write_target_referenced,,258813_740208.457|RouteA_Panel_TrustAudit_v07|device.cathode.intercoolerDpNominal_MPa|0.001|0.1|MPa|10|600
device.cathode.intercoolerArea_m2,cathode,planned,not_run,not_run,not_run,write_target_referenced,,258813_740208.457|RouteA_Panel_TrustAudit_v07|device.cathode.intercoolerArea_m2|0.0019635|0.1|m^2|10|600
device.cathode.intercoolerLaminarFraction,cathode,planned,not_run,not_run,not_run,write_target_referenced,,258813_740208.457|RouteA_Panel_TrustAudit_v07|device.cathode.intercoolerLaminarFraction|0.001|1|-|10|600
device.cathode.separatorMdotNominal_kg_s,cathode,planned,not_run,not_run,not_run,write_target_referenced,,258813_740208.457|RouteA_Panel_TrustAudit_v07|device.cathode.separatorMdotNominal_kg_s|0.1|1|kg/s|10|600
device.cathode.separatorDpNominal_MPa,cathode,planned,not_run,not_run,not_run,write_target_referenced,,258813_740208.457|RouteA_Panel_TrustAudit_v07|device.cathode.separatorDpNominal_MPa|0.0005|0.1|MPa|10|600
device.cathode.separatorArea_m2,cathode,planned,not_run,not_run,not_run,write_target_referenced,,258813_740208.457|RouteA_Panel_TrustAudit_v07|device.cathode.separatorArea_m2|0.001963495408493621|0.1|m^2|10|600
device.cathode.separatorLaminarFraction,cathode,planned,not_run,not_run,not_run,write_target_referenced,,258813_740208.457|RouteA_Panel_TrustAudit_v07|device.cathode.separatorLaminarFraction|0.001|1|-|10|600
device.cathode.mixerVolume_L,cathode,planned,not_run,not_run,not_run,write_target_referenced,,258813_740208.457|RouteA_Panel_TrustAudit_v07|device.cathode.mixerVolume_L|0.1|1000|L|10|600
device.cathode.outletChamberVolume_L,cathode,planned,not_run,not_run,not_run,write_target_referenced,,258813_740208.457|RouteA_Panel_TrustAudit_v07|device.cathode.outletChamberVolume_L|0.2|1000|L|10|600
device.cathode.compressorMap.rpm_TLU,cathode,planned,not_run,not_run,not_run,write_target_referenced,,258813_740208.457|RouteA_Panel_TrustAudit_v07|device.cathode.compressorMap.rpm_TLU|[0 1800 3600]|[0 1980 3960]|rpm|10|600
device.cathode.compressorMap.p_ratio_TLU,cathode,planned,not_run,not_run,not_run,write_target_referenced,,258813_740208.457|RouteA_Panel_TrustAudit_v07|device.cathode.compressorMap.p_ratio_TLU|[1;1.25;1.5;1.75;2]|[1.1;1.375;1.65;1.925;2.2]|-|10|600
device.cathode.compressorMap.mdot_corr_TLU,cathode,planned,not_run,not_run,not_run,write_target_referenced,,258813_740208.457|RouteA_Panel_TrustAudit_v07|device.cathode.compressorMap.mdot_corr_TLU|[0 0.2 0.4;0 0.15 0.3;0 0.1 0.2;0 0.05 0.1;0 0 0]|[0 0.22 0.4400000000000001;0 0.165 0.33;0 0.11 0.22;0 0.05500000000000001 0.11;0 0 0]|kg/s|10|600
device.cegr.valveMaxArea_m2,cegr,planned,not_run,not_run,not_run,write_target_referenced,,258813_740208.457|RouteA_Panel_TrustAudit_v07|device.cegr.valveMaxArea_m2|0.00019635|1|m^2|10|600
device.cegr.pipeLength_m,cegr,planned,not_run,not_run,not_run,write_target_referenced,,258813_740208.457|RouteA_Panel_TrustAudit_v07|device.cegr.pipeLength_m|0.5|100|m|10|600
device.cegr.pipeDiameter_m,cegr,planned,not_run,not_run,not_run,write_target_referenced,,258813_740208.457|RouteA_Panel_TrustAudit_v07|device.cegr.pipeDiameter_m|0.05|1|m|10|600
device.cegr.pipeRoughness_m,cegr,planned,not_run,not_run,not_run,write_target_referenced,,258813_740208.457|RouteA_Panel_TrustAudit_v07|device.cegr.pipeRoughness_m|1.5e-05|0.01|m|10|600
device.cegr.condensationTau_s,cegr,planned,not_run,not_run,not_run,write_target_referenced,,258813_740208.457|RouteA_Panel_TrustAudit_v07|device.cegr.condensationTau_s|1|1000|s|10|600
device.cegr.inletMixerPressure_MPa_abs,cegr,planned,not_run,not_run,not_run,write_target_referenced,,258813_740208.457|RouteA_Panel_TrustAudit_v07|device.cegr.inletMixerPressure_MPa_abs|0.101325|1|MPa(abs)|10|600
device.cegr.outletChamberPressure_MPa_abs,cegr,planned,not_run,not_run,not_run,write_target_referenced,,258813_740208.457|RouteA_Panel_TrustAudit_v07|device.cegr.outletChamberPressure_MPa_abs|0.101325|1|MPa(abs)|10|600
device.cegr.pipeExtraLength_m,cegr,planned,not_run,not_run,not_run,write_target_referenced,,258813_740208.457|RouteA_Panel_TrustAudit_v07|device.cegr.pipeExtraLength_m|0.1|100|m|10|600
device.cegr.pipePressure_MPa_abs,cegr,planned,not_run,not_run,not_run,write_target_referenced,,258813_740208.457|RouteA_Panel_TrustAudit_v07|device.cegr.pipePressure_MPa_abs|0.101325|1|MPa(abs)|10|600
device.cegr.valveOpenMinArea_m2,cegr,planned,not_run,not_run,not_run,write_target_referenced,,258813_740208.457|RouteA_Panel_TrustAudit_v07|device.cegr.valveOpenMinArea_m2|1e-10|1|m^2|10|600
device.anode.tankPressure_MPa,anode,planned,not_run,not_run,not_run,write_target_referenced,,258813_740208.457|RouteA_Panel_TrustAudit_v07|device.anode.tankPressure_MPa|70|0.1|MPa|10|600
device.anode.tankVolume_L,anode,planned,not_run,not_run,not_run,write_target_referenced,,258813_740208.457|RouteA_Panel_TrustAudit_v07|device.anode.tankVolume_L|120|100000|L|10|600
device.anode.tankTemperature_C,anode,planned,not_run,not_run,not_run,write_target_referenced,,258813_740208.457|RouteA_Panel_TrustAudit_v07|device.anode.tankTemperature_C|20|150|degC|10|600
device.anode.separatorArea_m2,anode,planned,not_run,not_run,not_run,write_target_referenced,,258813_740208.457|RouteA_Panel_TrustAudit_v07|device.anode.separatorArea_m2|0.0003141592653589793|0.1|m^2|10|600
device.anode.separatorLaminarFraction,anode,planned,not_run,not_run,not_run,write_target_referenced,,258813_740208.457|RouteA_Panel_TrustAudit_v07|device.anode.separatorLaminarFraction|0.001|1|-|10|600
device.anode.separatorMdotNominal_kg_s,anode,planned,not_run,not_run,not_run,write_target_referenced,,258813_740208.457|RouteA_Panel_TrustAudit_v07|device.anode.separatorMdotNominal_kg_s|0.01|1|kg/s|10|600
device.anode.separatorDpNominal_MPa,anode,planned,not_run,not_run,not_run,write_target_referenced,,258813_740208.457|RouteA_Panel_TrustAudit_v07|device.anode.separatorDpNominal_MPa|0.0005|0.1|MPa|10|600
environment.ambientTemperature_C,environment,planned,not_run,not_run,not_run,write_target_referenced,,258813_740208.457|RouteA_Panel_TrustAudit_v07|environment.ambientTemperature_C|20|100|degC|10|600
environment.ambientPressure_MPa_abs,environment,planned,not_run,not_run,not_run,write_target_referenced,,258813_740208.457|RouteA_Panel_TrustAudit_v07|environment.ambientPressure_MPa_abs|0.101325|0.101325|MPa(abs)|10|600
cathode.airController.Kp,cathode,planned,not_run,not_run,not_run,write_target_referenced,,258813_740208.457|RouteA_Panel_TrustAudit_v07|cathode.airController.Kp|5|5.5|-|10|600
cathode.airController.Ki,cathode,planned,not_run,not_run,not_run,write_target_referenced,,258813_740208.457|RouteA_Panel_TrustAudit_v07|cathode.airController.Ki|0.5|0.55|1/s|10|600
cegr.directValveArea_m2,cegr,planned,not_run,not_run,not_run,write_target_referenced,,258813_740208.457|RouteA_Panel_TrustAudit_v07|cegr.directValveArea_m2|3.927e-06|1|m^2|10|600
cegr.directTargetRatio,cegr,planned,not_run,not_run,not_run,write_target_referenced,,258813_740208.457|RouteA_Panel_TrustAudit_v07|cegr.directTargetRatio|0.02|0.5|-|10|600
device.thermal.coolantGeometry.channelWidth_cm,thermal,planned,not_run,not_run,not_run,write_target_referenced,,258813_740208.457|RouteA_Panel_TrustAudit_v07|device.thermal.coolantGeometry.channelWidth_cm|1|2|cm|10|600
device.thermal.coolantGeometry.numLayers,thermal,planned,not_run,not_run,not_run,write_target_referenced,,258813_740208.457|RouteA_Panel_TrustAudit_v07|device.thermal.coolantGeometry.numLayers|20|100|-|10|600
device.thermal.coolantGeometry.numPasses,thermal,planned,not_run,not_run,not_run,write_target_referenced,,258813_740208.457|RouteA_Panel_TrustAudit_v07|device.thermal.coolantGeometry.numPasses|12|50|-|10|600
device.thermal.coolantGeometry.tubeDiameter_m,thermal,planned,not_run,not_run,not_run,write_target_referenced,,258813_740208.457|RouteA_Panel_TrustAudit_v07|device.thermal.coolantGeometry.tubeDiameter_m|0.05|0.1|m|10|600
device.thermal.radiatorCore.length_m,thermal,planned,not_run,not_run,not_run,write_target_referenced,,258813_740208.457|RouteA_Panel_TrustAudit_v07|device.thermal.radiatorCore.length_m|1|2|m|10|600
device.thermal.radiatorCore.width_m,thermal,planned,not_run,not_run,not_run,write_target_referenced,,258813_740208.457|RouteA_Panel_TrustAudit_v07|device.thermal.radiatorCore.width_m|0.025|0.1|m|10|600
device.thermal.radiatorCore.height_m,thermal,planned,not_run,not_run,not_run,write_target_referenced,,258813_740208.457|RouteA_Panel_TrustAudit_v07|device.thermal.radiatorCore.height_m|0.5|1|m|10|600
device.thermal.radiatorCore.tubeCount,thermal,planned,not_run,not_run,not_run,write_target_referenced,,258813_740208.457|RouteA_Panel_TrustAudit_v07|device.thermal.radiatorCore.tubeCount|25|100|-|10|600
device.thermal.radiatorCore.tubeHeight_m,thermal,planned,not_run,not_run,not_run,write_target_referenced,,258813_740208.457|RouteA_Panel_TrustAudit_v07|device.thermal.radiatorCore.tubeHeight_m|0.0015|0.01|m|10|600
device.thermal.radiatorCore.finSpacing_m,thermal,planned,not_run,not_run,not_run,write_target_referenced,,258813_740208.457|RouteA_Panel_TrustAudit_v07|device.thermal.radiatorCore.finSpacing_m|0.002|0.01|m|10|600
device.thermal.radiatorCore.finEfficiency,thermal,planned,not_run,not_run,not_run,write_target_referenced,,258813_740208.457|RouteA_Panel_TrustAudit_v07|device.thermal.radiatorCore.finEfficiency|0.7|0.3|-|10|600
device.thermal.radiatorCore.wallThickness_m,thermal,planned,not_run,not_run,not_run,write_target_referenced,,258813_740208.457|RouteA_Panel_TrustAudit_v07|device.thermal.radiatorCore.wallThickness_m|0.0001|0.001|m|10|600
device.thermal.radiatorCore.density_kg_m3,thermal,planned,not_run,not_run,not_run,write_target_referenced,,258813_740208.457|RouteA_Panel_TrustAudit_v07|device.thermal.radiatorCore.density_kg_m3|2700|5000|kg/m^3|10|600
device.thermal.radiatorCore.specificHeat_J_kgK,thermal,planned,not_run,not_run,not_run,write_target_referenced,,258813_740208.457|RouteA_Panel_TrustAudit_v07|device.thermal.radiatorCore.specificHeat_J_kgK|910|300|J/(kg*K)|10|600
thermal.stackTemperatureSet_C,thermal,planned,not_run,not_run,not_run,write_target_referenced,,258813_740208.457|RouteA_Panel_TrustAudit_v07|thermal.stackTemperatureSet_C|80|100|degC|10|600
solver.stopTime_s,solver,planned,not_run,not_run,not_run,SimulationInput_model_parameter,,258813_740208.457|RouteA_Panel_TrustAudit_v07|solver.stopTime_s|600|660|s|10|600
solver.solver,solver,planned,not_run,not_run,not_run,SimulationInput_model_parameter,,258813_740208.457|RouteA_Panel_TrustAudit_v07|solver.solver|VariableStepAuto|ode23t|-|10|600
solver.relTol,solver,planned,not_run,not_run,not_run,SimulationInput_model_parameter,,258813_740208.457|RouteA_Panel_TrustAudit_v07|solver.relTol|0.001|1|-|10|600
solver.absTol,solver,planned,not_run,not_run,not_run,SimulationInput_model_parameter,,258813_740208.457|RouteA_Panel_TrustAudit_v07|solver.absTol|0.001|0.0011|-|10|600
solver.maxStep_s,solver,planned,not_run,not_run,not_run,SimulationInput_model_parameter,,258813_740208.457|RouteA_Panel_TrustAudit_v07|solver.maxStep_s|5|5.5|s|10|600
