canonicalName,domain,uiControl,simCasePath,simulationInputWrite,actualConsumer,consumerEvidence,evaluationKind,activation,primaryObservations,unitRule,samplingLocation,perturbationRule,shortPassCriterion,runnable,blockReason
electrical.mode,electrical,BoundaryModeDropDown|AdvancedBoundaryModeDropDown,controls.electrical.mode,"routeA_panel_build_simulation_input -> boundary.type -> electricalLoad.input_type","routeA_panel_build_simulation_input -> boundary.type -> electricalLoad.input_type; block parameter input_type; reference state SimulationInput_block_parameter",SimulationInput_block_parameter,physical_response,always active for this case,stack.current; stack.voltage; stack.power,"input -; primary observation units declared in observation registry: stack.current, stack.voltage, stack.power","stack electrical/thermal observer",switch to an alternate legal boundary mode with its matching command,SimulationInput read-back; referenced consumer; primary model observable changes; declared direction holds when applicable.,1,
electrical.current.profile,electrical,BoundaryCommandEditField|AdvancedBoundaryCommandEditField|AdvancedCommandProfileEditField,controls.electrical.profile,"SimulationInput.setVariable(drive_cycle_*); routeA_command_profile","SimulationInput.setVariable(drive_cycle_*); routeA_command_profile; model variable drive_cycle_current; reference state write_target_library_boundary_verified",write_target_library_boundary_verified,physical_response,electrical.mode=Current,stack.current; stack.voltage; stack.power,"input A; primary observation units declared in observation registry: stack.current, stack.voltage, stack.power","stack electrical/thermal observer",farthest legal scalar bound; arrays use shape-preserving in-range perturbation,SimulationInput read-back; referenced consumer; primary model observable changes; declared direction holds when applicable.,1,
electrical.power.profile,electrical,BoundaryCommandEditField|AdvancedBoundaryCommandEditField|AdvancedCommandProfileEditField,controls.electrical.profile,"SimulationInput.setVariable(drive_cycle_*); routeA_command_profile","SimulationInput.setVariable(drive_cycle_*); routeA_command_profile; model variable drive_cycle_power; reference state write_target_library_boundary_verified",write_target_library_boundary_verified,physical_response,electrical.mode=Power,stack.current; stack.voltage; stack.power,"input kW; primary observation units declared in observation registry: stack.current, stack.voltage, stack.power","stack electrical/thermal observer",farthest legal scalar bound; arrays use shape-preserving in-range perturbation,SimulationInput read-back; referenced consumer; primary model observable changes; declared direction holds when applicable.,1,
electrical.voltage.profile,electrical,BoundaryCommandEditField|AdvancedBoundaryCommandEditField|AdvancedCommandProfileEditField,controls.electrical.profile,"SimulationInput.setVariable(drive_cycle_*); routeA_command_profile","SimulationInput.setVariable(drive_cycle_*); routeA_command_profile; model variable drive_cycle_voltage; model users System_Control_Observability/Electrical Load/Inputs/Voltage Demand/Voltage Reference",write_target_referenced,physical_response,electrical.mode=Voltage,stack.current; stack.voltage; stack.power,"input V; primary observation units declared in observation registry: stack.current, stack.voltage, stack.power","stack electrical/thermal observer",farthest legal scalar bound; arrays use shape-preserving in-range perturbation,SimulationInput read-back; referenced consumer; primary model observable changes; declared direction holds when applicable.,1,
electrical.voltageController.Kp_A_V,electrical,AdvancedKpEditField,controls.electrical.voltageController.Kp_A_V,"SimulationInput.setVariable(routeA_voltage_pi_Kp)","SimulationInput.setVariable(routeA_voltage_pi_Kp); model variable routeA_voltage_pi_Kp; model users System_Control_Observability/Electrical Load/Inputs/Voltage Demand/Raw PI Diagnostic; System_Control_Observability/Electrical Load/Inputs/Voltage Demand/Voltage PI",write_target_referenced,physical_response,electrical.mode=Voltage,stack.current; stack.voltage; stack.power,"input A/V; primary observation units declared in observation registry: stack.current, stack.voltage, stack.power","stack electrical/thermal observer",farthest legal scalar bound; arrays use shape-preserving in-range perturbation,SimulationInput read-back; referenced consumer; primary model observable changes; declared direction holds when applicable.,1,
electrical.voltageController.Ki_A_V_s,electrical,AdvancedKiEditField,controls.electrical.voltageController.Ki_A_V_s,"SimulationInput.setVariable(routeA_voltage_pi_Ki)","SimulationInput.setVariable(routeA_voltage_pi_Ki); model variable routeA_voltage_pi_Ki; model users System_Control_Observability/Electrical Load/Inputs/Voltage Demand/Raw PI Diagnostic; System_Control_Observability/Electrical Load/Inputs/Voltage Demand/Voltage PI",write_target_referenced,physical_response,electrical.mode=Voltage,stack.current; stack.voltage; stack.power,"input A/V/s; primary observation units declared in observation registry: stack.current, stack.voltage, stack.power","stack electrical/thermal observer",farthest legal scalar bound; arrays use shape-preserving in-range perturbation,SimulationInput read-back; referenced consumer; primary model observable changes; declared direction holds when applicable.,1,
electrical.voltageController.currentMin_A,electrical,AdvancedCurrentMinEditField,controls.electrical.voltageController.currentMin_A,"SimulationInput.setVariable(routeA_voltage_current_min_A)","SimulationInput.setVariable(routeA_voltage_current_min_A); model variable routeA_voltage_current_min_A; model users System_Control_Observability/Electrical Load/Inputs/Voltage Demand/Voltage PI",write_target_referenced,physical_response,electrical.mode=Voltage,stack.current; stack.voltage; stack.power,"input A; primary observation units declared in observation registry: stack.current, stack.voltage, stack.power","stack electrical/thermal observer",farthest legal scalar bound; arrays use shape-preserving in-range perturbation,SimulationInput read-back; referenced consumer; primary model observable changes; declared direction holds when applicable.,1,
electrical.voltageController.currentMax_A,electrical,AdvancedCurrentMaxEditField,controls.electrical.voltageController.currentMax_A,"SimulationInput.setVariable(routeA_voltage_current_max_A)","SimulationInput.setVariable(routeA_voltage_current_max_A); model variable routeA_voltage_current_max_A; model users System_Control_Observability/Electrical Load/Inputs/Voltage Demand/Voltage PI",write_target_referenced,physical_response,electrical.mode=Voltage,stack.current; stack.voltage; stack.power,"input A; primary observation units declared in observation registry: stack.current, stack.voltage, stack.power","stack electrical/thermal observer",farthest legal scalar bound; arrays use shape-preserving in-range perturbation,SimulationInput read-back; referenced consumer; primary model observable changes; declared direction holds when applicable.,1,
cathode.airControlMode,cathode,AirControlModeDropDown|AdvancedAirControlModeDropDown,controls.cathode.airControlMode,"SimulationInput.setVariable(routeA_air_control_mode_id)","SimulationInput.setVariable(routeA_air_control_mode_id); model variable routeA_air_control_mode_id; model users Cathode_Air_cEGR_BOP/Oxygen
Source/Compressor Control/A98_AirModeDirectCmd; Cathode_Air_cEGR_BOP/Oxygen
Source/Compressor Control/A98_AirModeTargetMdot",write_target_referenced,physical_response,always active for this case,cathode.compressorInletMassFlow; cegr.actualRatio,"input -; primary observation units declared in observation registry: cathode.compressorInletMassFlow, cegr.actualRatio","cEGR branch flow/valve observers between cathode exhaust split and compressor-inlet mixer",farthest legal scalar bound; arrays use shape-preserving in-range perturbation,SimulationInput read-back; referenced consumer; primary model observable changes; declared direction holds when applicable.,1,
cathode.targetOer,cathode,OerEditField|AdvancedOerEditField,controls.cathode.targetOer,"routeA_command_profile.air_target_oer","routeA_command_profile.air_target_oer; model variable routeA_command_profile; model users System_Control_Observability/FCU_BoP_Control/RouteA_Command_Profile/Command_Profile_Input",write_target_referenced,physical_response,cathode.airControlMode=2 (OER controller),cathode.inletOxygenStoich; cathode.compressorInletMassFlow,"OER dimensionless; inlet mdot kg/s","registered model observer",farthest legal scalar bound; arrays use shape-preserving in-range perturbation,SimulationInput read-back; referenced consumer; primary model observable changes; declared direction holds when applicable.,1,
cathode.targetMdot_kg_s,cathode,TargetMdotEditField|AdvancedTargetMdotEditField,controls.cathode.targetMdot_kg_s,"routeA_command_profile.air_target_mdot_kg_s","routeA_command_profile.air_target_mdot_kg_s; model variable routeA_command_profile; model users System_Control_Observability/FCU_BoP_Control/RouteA_Command_Profile/Command_Profile_Input",write_target_referenced,physical_response,cathode.airControlMode=1 (mass-flow controller),cathode.compressorInletMassFlow,"kg/s","registered model observer",farthest legal scalar bound; arrays use shape-preserving in-range perturbation,SimulationInput read-back; referenced consumer; primary model observable changes; declared direction holds when applicable.,1,
cathode.directCommand,cathode,DirectCommandEditField|AdvancedDirectCommandEditField,controls.cathode.directCommand,"routeA_command_profile.air_direct_command","routeA_command_profile.air_direct_command; model variable routeA_command_profile; model users System_Control_Observability/FCU_BoP_Control/RouteA_Command_Profile/Command_Profile_Input",write_target_referenced,physical_response,cathode.airControlMode=3 (direct compressor command),cathode.compressorInletMassFlow,"normalized command; observed mdot kg/s","registered model observer",farthest legal scalar bound; arrays use shape-preserving in-range perturbation,SimulationInput read-back; referenced consumer; primary model observable changes; declared direction holds when applicable.,1,
cathode.sourcePressure_MPa_abs,cathode,AdvancedSourcePressureEditField,controls.cathode.sourcePressure_MPa_abs,"routeA_command_profile.cathode_*","routeA_command_profile.cathode_*; model variable routeA_command_profile; model users System_Control_Observability/FCU_BoP_Control/RouteA_Command_Profile/Command_Profile_Input",write_target_referenced,physical_response,always active for this case,cathode.compressorInletPressure; cathode.outletPressure; cathode.outletTemperature; cathode.inletRelativeHumidity; cathode.outletRelativeHumidity,"input MPa(abs); primary observation units declared in observation registry: cathode.compressorInletPressure, cathode.outletPressure, cathode.outletTemperature, cathode.inletRelativeHumidity, cathode.outletRelativeHumidity","cathode exhaust outlet pressure observer (Pa; displayed MPa)",farthest legal scalar bound; arrays use shape-preserving in-range perturbation,SimulationInput read-back; referenced consumer; primary model observable changes; declared direction holds when applicable.,1,
cathode.sourceTemperature_C,cathode,AdvancedSourceTemperatureEditField,controls.cathode.sourceTemperature_C,"routeA_command_profile.cathode_*","routeA_command_profile.cathode_*; model variable routeA_command_profile; model users System_Control_Observability/FCU_BoP_Control/RouteA_Command_Profile/Command_Profile_Input",write_target_referenced,physical_response,always active for this case,cathode.compressorInletPressure; cathode.outletPressure; cathode.outletTemperature; cathode.inletRelativeHumidity; cathode.outletRelativeHumidity,"input degC; primary observation units declared in observation registry: cathode.compressorInletPressure, cathode.outletPressure, cathode.outletTemperature, cathode.inletRelativeHumidity, cathode.outletRelativeHumidity","cathode exhaust outlet pressure observer (Pa; displayed MPa)",farthest legal scalar bound; arrays use shape-preserving in-range perturbation,SimulationInput read-back; referenced consumer; primary model observable changes; declared direction holds when applicable.,1,
cathode.outletPressure_MPa_abs,cathode,BackpressureEditField|AdvancedBackpressureEditField,controls.cathode.outletPressure_MPa_abs,"routeA_command_profile.cathode_*","routeA_command_profile.cathode_*; model variable routeA_command_profile; model users System_Control_Observability/FCU_BoP_Control/RouteA_Command_Profile/Command_Profile_Input",write_target_referenced,physical_response,cathode exhaust backpressure profile,cathode.outletPressure,"command MPa(abs); signal Pa, display MPa","cathode exhaust outlet pressure observer (Pa; displayed MPa)",farthest legal scalar bound; arrays use shape-preserving in-range perturbation,SimulationInput read-back; referenced consumer; primary model observable changes; declared direction holds when applicable.,1,
cathode.humidifierRH,cathode,HumidifierRHEditField|AdvancedHumidifierRHEditField,controls.cathode.humidifierRH,"routeA_command_profile.cathode_*","routeA_command_profile.cathode_*; model variable routeA_command_profile; model users System_Control_Observability/FCU_BoP_Control/RouteA_Command_Profile/Command_Profile_Input",write_target_referenced,physical_response,cathode.humidifierEnabled=true,cathode.inletRelativeHumidity; cathode.outletRelativeHumidity,"RH fraction 0..1","humidifier outlet/cathode inlet and cathode exhaust RH observers",farthest legal scalar bound; arrays use shape-preserving in-range perturbation,SimulationInput read-back; referenced consumer; primary model observable changes; declared direction holds when applicable.,1,
cathode.humidifierEnabled,cathode,HumidifierEnabledCheckBox|AdvancedHumidifierEnabledCheckBox,controls.cathode.humidifierEnabled,"routeA_command_profile.cathode_*","routeA_command_profile.cathode_*; model variable routeA_command_profile; model users System_Control_Observability/FCU_BoP_Control/RouteA_Command_Profile/Command_Profile_Input",write_target_referenced,physical_response,always active for this case,cathode.compressorInletPressure; cathode.outletPressure; cathode.outletTemperature; cathode.inletRelativeHumidity; cathode.outletRelativeHumidity,"input -; primary observation units declared in observation registry: cathode.compressorInletPressure, cathode.outletPressure, cathode.outletTemperature, cathode.inletRelativeHumidity, cathode.outletRelativeHumidity","cathode exhaust outlet pressure observer (Pa; displayed MPa)",farthest legal scalar bound; arrays use shape-preserving in-range perturbation,SimulationInput read-back; referenced consumer; primary model observable changes; declared direction holds when applicable.,1,
cathode.o2MoleFraction,cathode,AdvancedO2EditField,controls.cathode.o2MoleFraction,"SimulationInput.setVariable(env_yO2)","SimulationInput.setVariable(env_yO2); model variable env_yO2; model users Anode_Hydrogen_BOP/Anode Exhaust/Environment; Cathode_Air_cEGR_BOP/Cathode
Humidifier/Pipe (FC); Cathode_Air_cEGR_BOP/EGRPipe; ... (+7)",write_target_referenced,physical_response,always active for this case,cathode.inletComposition; cathode.inletSpeciesMassFlow,"input -; primary observation units declared in observation registry: cathode.inletComposition, cathode.inletSpeciesMassFlow","cathode inlet/exhaust gas-mixture observers; channel order [N2 O2 H2 H2O]",farthest legal scalar bound; arrays use shape-preserving in-range perturbation,SimulationInput read-back; referenced consumer; primary model observable changes; declared direction holds when applicable.,1,
cathode.h2oMoleFraction,cathode,AdvancedH2OEditField,controls.cathode.h2oMoleFraction,"SimulationInput.setVariable(env_yH20)","SimulationInput.setVariable(env_yH20); model variable env_yH20; model users Anode_Hydrogen_BOP/Anode Exhaust/Environment; Cathode_Air_cEGR_BOP/Cathode
Humidifier/Pipe (FC); Cathode_Air_cEGR_BOP/EGRPipe; ... (+7)",write_target_referenced,physical_response,always active for this case,cathode.inletComposition; cathode.inletRelativeHumidity,"input -; primary observation units declared in observation registry: cathode.inletComposition, cathode.inletRelativeHumidity","humidifier outlet/cathode inlet and cathode exhaust RH observers",farthest legal scalar bound; arrays use shape-preserving in-range perturbation,SimulationInput read-back; referenced consumer; primary model observable changes; declared direction holds when applicable.,1,
cegr.enabled,cegr,CegrEnabledCheckBox|AdvancedCegrEnabledCheckBox,controls.cegr.enabled,"SimulationInput.setVariable(routeA_cegr_enabled)","SimulationInput.setVariable(routeA_cegr_enabled); model variable routeA_cegr_enabled; model users cEGR_Mode_Selector",write_target_referenced,physical_response,always active for this case,cegr.actualRatio; cegr.massFlow,"input -; primary observation units declared in observation registry: cegr.actualRatio, cegr.massFlow","cEGR branch flow/valve observers between cathode exhaust split and compressor-inlet mixer",toggle the boolean under its activation mode,SimulationInput read-back; referenced consumer; primary model observable changes; declared direction holds when applicable.,1,
cegr.targetRatio,cegr,CegrRatioEditField|AdvancedCegrRatioEditField,controls.cegr.targetRatio,"routeA_command_profile.cegr_ratio","routeA_command_profile.cegr_ratio; model variable routeA_command_profile; model users System_Control_Observability/FCU_BoP_Control/RouteA_Command_Profile/Command_Profile_Input",write_target_referenced,physical_response,cegr.enabled=true and cegr.controlMode=1,cegr.actualRatio; cegr.controlError; cegr.massFlow,"input -; primary observation units declared in observation registry: cegr.actualRatio, cegr.controlError, cegr.massFlow","cEGR branch flow/valve observers between cathode exhaust split and compressor-inlet mixer",farthest legal scalar bound; arrays use shape-preserving in-range perturbation,SimulationInput read-back; referenced consumer; primary model observable changes; declared direction holds when applicable.,1,
cegr.controlMode,cegr,AdvancedCegrControlModeDropDown,controls.cegr.controlMode,"SimulationInput.setVariable(routeA_egr_control_mode_id)","SimulationInput.setVariable(routeA_egr_control_mode_id); model variable routeA_egr_control_mode_id; model users System_Control_Observability/FCU_BoP_Control/EGR Direct Mode Enable",write_target_referenced,physical_response,always active for this case,cegr.controlError,"input -; primary observation units declared in observation registry: cegr.controlError","cEGR branch flow/valve observers between cathode exhaust split and compressor-inlet mixer",farthest legal scalar bound; arrays use shape-preserving in-range perturbation,SimulationInput read-back; referenced consumer; primary model observable changes; declared direction holds when applicable.,1,
cegr.targetInputMode,cegr,AdvancedCegrTargetInputModeDropDown,controls.cegr.targetInputMode,"SimulationInput.setVariable(routeA_egr_target_input_mode_id)","SimulationInput.setVariable(routeA_egr_target_input_mode_id); model variable routeA_egr_target_input_mode_id; model users System_Control_Observability/FCU_BoP_Control/EGR_Target_Ratio_Profile_Mode",write_target_referenced,physical_response,always active for this case,cegr.actualRatio,"input -; primary observation units declared in observation registry: cegr.actualRatio","cEGR branch flow/valve observers between cathode exhaust split and compressor-inlet mixer",farthest legal scalar bound; arrays use shape-preserving in-range perturbation,SimulationInput read-back; referenced consumer; primary model observable changes; declared direction holds when applicable.,1,
cegr.controller.Kp_area,cegr,AdvancedCegrKpEditField,controls.cegr.controller.Kp_area,"SimulationInput.setVariable(routeA_egr_control_Kp_area)","SimulationInput.setVariable(routeA_egr_control_Kp_area); model variable routeA_egr_control_Kp_area; model users System_Control_Observability/FCU_BoP_Control/EGR Ratio PI",write_target_referenced,physical_response,cegr.enabled=true and cegr.controlMode=1,cegr.actualRatio; cegr.controlError; cegr.valveAreaCommand,"input m^2; primary observation units declared in observation registry: cegr.actualRatio, cegr.controlError, cegr.valveAreaCommand","cEGR branch flow/valve observers between cathode exhaust split and compressor-inlet mixer",farthest legal scalar bound; arrays use shape-preserving in-range perturbation,SimulationInput read-back; referenced consumer; primary model observable changes; declared direction holds when applicable.,1,
cegr.controller.Ki_area,cegr,AdvancedCegrKiEditField,controls.cegr.controller.Ki_area,"SimulationInput.setVariable(routeA_egr_control_Ki_area)","SimulationInput.setVariable(routeA_egr_control_Ki_area); model variable routeA_egr_control_Ki_area; model users System_Control_Observability/FCU_BoP_Control/EGR Ratio PI",write_target_referenced,physical_response,cegr.enabled=true and cegr.controlMode=1,cegr.actualRatio; cegr.controlError; cegr.valveAreaCommand,"input m^2/s; primary observation units declared in observation registry: cegr.actualRatio, cegr.controlError, cegr.valveAreaCommand","cEGR branch flow/valve observers between cathode exhaust split and compressor-inlet mixer",farthest legal scalar bound; arrays use shape-preserving in-range perturbation,SimulationInput read-back; referenced consumer; primary model observable changes; declared direction holds when applicable.,1,
cegr.actuatorTau_s,cegr,DeviceCegrActuatorTauEditField,controls.cegr.controller.actuatorTau_s,"SimulationInput.setVariable(routeA_egr_valve_actuator_tau)","SimulationInput.setVariable(routeA_egr_valve_actuator_tau); model variable routeA_egr_valve_actuator_tau; model users System_Control_Observability/FCU_BoP_Control/EGR Area Actuator",write_target_referenced,physical_response,always active for this case,cegr.actualRatio; cegr.massFlow; cegr.valveAreaCommand,"input s; primary observation units declared in observation registry: cegr.actualRatio, cegr.massFlow, cegr.valveAreaCommand","cEGR branch flow/valve observers between cathode exhaust split and compressor-inlet mixer",farthest legal scalar bound; arrays use shape-preserving in-range perturbation,SimulationInput read-back; referenced consumer; primary model observable changes; declared direction holds when applicable.,1,
anode.sourcePressure_MPa_abs,anode,AnodeSourcePressureEditField,controls.anode.sourcePressure_MPa_abs,"SimulationInput.setVariable(tank_p) when source pressure differs from platform default","SimulationInput.setVariable(tank_p) when source pressure differs from platform default; model variable tank_p; model users Anode_Hydrogen_BOP/Hydrogen
Source/Fuel Tank",write_target_referenced,physical_response,source value differs from platform default and overrides tank_p,anode.inletPressure,"MPa(abs) at pressure-reducer outlet","anode pressure-reducer outlet, humidifier outlet, or purge-valve inlet; species order [N2 O2 H2 H2O]",farthest legal scalar bound; arrays use shape-preserving in-range perturbation,SimulationInput read-back; referenced consumer; primary model observable changes; declared direction holds when applicable.,1,
anode.sourceTemperature_C,anode,AnodeSourceTemperatureEditField,controls.anode.sourceTemperature_C,"SimulationInput.setVariable(tank_T)","SimulationInput.setVariable(tank_T); model variable tank_T; model users Anode_Hydrogen_BOP/Hydrogen
Source/Fuel Tank",write_target_referenced,physical_response,source value differs from platform default and overrides tank_T,anode.inletTemperature,"degC at pressure-reducer outlet","anode pressure-reducer outlet, humidifier outlet, or purge-valve inlet; species order [N2 O2 H2 H2O]",farthest legal scalar bound; arrays use shape-preserving in-range perturbation,SimulationInput read-back; referenced consumer; primary model observable changes; declared direction holds when applicable.,1,
anode.h2MoleFraction,anode,AnodeH2EditField,controls.anode.h2MoleFraction,"SimulationInput.setVariable(tank_yH2) + routeA_command_profile.anode_source_h2_mole_fraction","SimulationInput.setVariable(tank_yH2) + routeA_command_profile.anode_source_h2_mole_fraction; model variable tank_yH2; model users System_Control_Observability/FCU_BoP_Control/RouteA_Command_Profile/Command_Profile_Input",write_target_referenced,physical_response,always active for this case,anode.inletComposition,"mole fraction, channel H2 in [N2 O2 H2 H2O]","anode pressure-reducer outlet, humidifier outlet, or purge-valve inlet; species order [N2 O2 H2 H2O]",farthest legal scalar bound; arrays use shape-preserving in-range perturbation,SimulationInput read-back; referenced consumer; primary model observable changes; declared direction holds when applicable.,1,
anode.inletPressure_MPa_abs,anode,AnodeInletPressureEditField,controls.anode.inletPressure_MPa_abs,"routeA_command_profile.anode_inlet_pressure_MPa_abs","routeA_command_profile.anode_inlet_pressure_MPa_abs; model variable routeA_command_profile; model users System_Control_Observability/FCU_BoP_Control/RouteA_Command_Profile/Command_Profile_Input",write_target_referenced,physical_response,anode pressure-reducing valve setpoint profile,anode.inletPressure,"MPa(abs) at pressure-reducer outlet","anode pressure-reducer outlet, humidifier outlet, or purge-valve inlet; species order [N2 O2 H2 H2O]",farthest legal scalar bound; arrays use shape-preserving in-range perturbation,SimulationInput read-back; referenced consumer; primary model observable changes; declared direction holds when applicable.,1,
anode.humidifierRH,anode,AnodeHumidifierRHEditField,controls.anode.humidifierRH,"routeA_command_profile.anode_humidifier_rh","routeA_command_profile.anode_humidifier_rh; model variable routeA_command_profile; model users System_Control_Observability/FCU_BoP_Control/RouteA_Command_Profile/Command_Profile_Input",write_target_referenced,physical_response,anode humidifier command active,anode.inletRelativeHumidity,"RH fraction 0..1","anode pressure-reducer outlet, humidifier outlet, or purge-valve inlet; species order [N2 O2 H2 H2O]",farthest legal scalar bound; arrays use shape-preserving in-range perturbation,SimulationInput read-back; referenced consumer; primary model observable changes; declared direction holds when applicable.,1,
anode.recirculationBaseCommand,anode,AnodeRecirculationBaseEditField,controls.anode.recirculationBaseCommand,"routeA_command_profile.anode_recirculation_*","routeA_command_profile.anode_recirculation_*; model variable routeA_command_profile; model users System_Control_Observability/FCU_BoP_Control/RouteA_Command_Profile/Command_Profile_Input",write_target_referenced,physical_response,anode recirculation command with nonzero stack current,anode.inletPressure,"input command; physical response MPa(abs) at pressure-reducer outlet","anode pressure-reducer outlet, humidifier outlet, or purge-valve inlet; species order [N2 O2 H2 H2O]",farthest legal scalar bound; arrays use shape-preserving in-range perturbation,SimulationInput read-back; referenced consumer; primary model observable changes; declared direction holds when applicable.,1,
anode.recirculationCurrentGain_A_inv,anode,AnodeRecirculationGainEditField,controls.anode.recirculationCurrentGain_A_inv,"routeA_command_profile.anode_recirculation_*","routeA_command_profile.anode_recirculation_*; model variable routeA_command_profile; model users System_Control_Observability/FCU_BoP_Control/RouteA_Command_Profile/Command_Profile_Input",write_target_referenced,physical_response,anode recirculation command with nonzero stack current,anode.inletPressure,"input command; physical response MPa(abs) at pressure-reducer outlet","anode pressure-reducer outlet, humidifier outlet, or purge-valve inlet; species order [N2 O2 H2 H2O]",farthest legal scalar bound; arrays use shape-preserving in-range perturbation,SimulationInput read-back; referenced consumer; primary model observable changes; declared direction holds when applicable.,1,
anode.purgeEnabled,anode,AnodePurgeEnabledCheckBox,controls.anode.purgeEnabled,"routeA_command_profile.anode_purge_*","routeA_command_profile.anode_purge_*; model variable routeA_command_profile; model users System_Control_Observability/FCU_BoP_Control/RouteA_Command_Profile/Command_Profile_Input",write_target_referenced,physical_response,anode purge enabled with the N2 threshold crossed,anode.purgeState; anode.outletComposition,"purge state 0/1; outlet mole fractions [N2 O2 H2 H2O]","anode pressure-reducer outlet, humidifier outlet, or purge-valve inlet; species order [N2 O2 H2 H2O]",farthest legal scalar bound; arrays use shape-preserving in-range perturbation,SimulationInput read-back; referenced consumer; primary model observable changes; declared direction holds when applicable.,1,
anode.purgeOnN2MoleFraction,anode,AnodePurgeOnN2EditField,controls.anode.purgeOnN2MoleFraction,"routeA_command_profile.anode_purge_*","routeA_command_profile.anode_purge_*; model variable routeA_command_profile; model users System_Control_Observability/FCU_BoP_Control/RouteA_Command_Profile/Command_Profile_Input",write_target_referenced,physical_response,anode purge enabled with the N2 threshold crossed,anode.purgeState; anode.outletComposition,"purge state 0/1; outlet mole fractions [N2 O2 H2 H2O]","anode pressure-reducer outlet, humidifier outlet, or purge-valve inlet; species order [N2 O2 H2 H2O]",farthest legal scalar bound; arrays use shape-preserving in-range perturbation,SimulationInput read-back; referenced consumer; primary model observable changes; declared direction holds when applicable.,1,
anode.purgeOffN2MoleFraction,anode,AnodePurgeOffN2EditField,controls.anode.purgeOffN2MoleFraction,"routeA_command_profile.anode_purge_*","routeA_command_profile.anode_purge_*; model variable routeA_command_profile; model users System_Control_Observability/FCU_BoP_Control/RouteA_Command_Profile/Command_Profile_Input",write_target_referenced,physical_response,anode purge enabled with the N2 threshold crossed,anode.purgeState; anode.outletComposition,"purge state 0/1; outlet mole fractions [N2 O2 H2 H2O]","anode pressure-reducer outlet, humidifier outlet, or purge-valve inlet; species order [N2 O2 H2 H2O]",farthest legal scalar bound; arrays use shape-preserving in-range perturbation,SimulationInput read-back; referenced consumer; primary model observable changes; declared direction holds when applicable.,1,
stack.numCells,stack,DeviceStackNumCellsEditField,controls.stack.numCells,"SimulationInput.setVariable(stack_num_cells)","SimulationInput.setVariable(stack_num_cells); model variable stack_num_cells; model users Cathode_Air_cEGR_BOP/Oxygen
Source/Compressor Control/M_set; Stack_Core/Anode Gas
Channels/Anode; Stack_Core/Cathode Gas
Channels/Cathode; ... (+4)",write_target_referenced,physical_response,always active for this case,stack.current; stack.voltage; stack.power,"input -; primary observation units declared in observation registry: stack.current, stack.voltage, stack.power","stack electrical/thermal observer",farthest legal scalar bound; arrays use shape-preserving in-range perturbation,SimulationInput read-back; referenced consumer; primary model observable changes; declared direction holds when applicable.,1,
stack.area_cm2,stack,DeviceStackAreaEditField,controls.stack.area_cm2,"SimulationInput.setVariable(stack_area)","SimulationInput.setVariable(stack_area); model variable stack_area; model users Cathode_Air_cEGR_BOP/Oxygen
Source/Compressor Control/Constant; Stack_Core/Anode Gas
Channels/Anode; Stack_Core/Cathode Gas
Channels/Cathode; ... (+3)",write_target_referenced,physical_response,always active for this case,stack.current; stack.voltage; stack.power,"input cm^2; primary observation units declared in observation registry: stack.current, stack.voltage, stack.power","stack electrical/thermal observer",farthest legal scalar bound; arrays use shape-preserving in-range perturbation,SimulationInput read-back; referenced consumer; primary model observable changes; declared direction holds when applicable.,1,
stack.iL_A_cm2,stack,DeviceStackIEditField,controls.stack.iL_A_cm2,"SimulationInput.setVariable(stack_iL)","SimulationInput.setVariable(stack_iL); model variable stack_iL; model users Cathode_Air_cEGR_BOP/Oxygen
Source/Compressor Control/Constant; Stack_Core/Membrane Electrode
Assembly",write_target_referenced,physical_response,always active for this case,stack.current; stack.voltage; stack.power,"input A/cm^2; primary observation units declared in observation registry: stack.current, stack.voltage, stack.power","stack electrical/thermal observer",farthest legal scalar bound; arrays use shape-preserving in-range perturbation,SimulationInput read-back; referenced consumer; primary model observable changes; declared direction holds when applicable.,1,
stack.io_A_cm2,stack,DeviceStackIoEditField,controls.stack.io_A_cm2,"SimulationInput.setVariable(stack_io)","SimulationInput.setVariable(stack_io); model variable stack_io; model users Stack_Core/Membrane Electrode
Assembly",write_target_referenced,physical_response,always active for this case,stack.current; stack.voltage; stack.power,"input A/cm^2; primary observation units declared in observation registry: stack.current, stack.voltage, stack.power","stack electrical/thermal observer",farthest legal scalar bound; arrays use shape-preserving in-range perturbation,SimulationInput read-back; referenced consumer; primary model observable changes; declared direction holds when applicable.,1,
device.stack.alpha,stack,DeviceStackAlphaEditField,controls.devices.stack.alpha,"SimulationInput.setVariable(stack_alpha)","SimulationInput.setVariable(stack_alpha); model variable stack_alpha; model users Stack_Core/Membrane Electrode
Assembly",write_target_referenced,physical_response,always active for this case,stack.voltage; stack.power; stack.temperature,"input -; primary observation units declared in observation registry: stack.voltage, stack.power, stack.temperature","stack electrical/thermal observer",farthest legal scalar bound; arrays use shape-preserving in-range perturbation,SimulationInput read-back; referenced consumer; primary model observable changes; declared direction holds when applicable.,1,
device.stack.meaCp_J_kgK,stack,DeviceStackMcpEditField,controls.devices.stack.meaCp_J_kgK,"SimulationInput.setVariable(stack_mea_cp)","SimulationInput.setVariable(stack_mea_cp); model variable stack_mea_cp; model users Stack_Core/MEA
Thermal Mass",write_target_referenced,physical_response,always active for this case,stack.voltage; stack.power; stack.temperature,"input J/(kg*K); primary observation units declared in observation registry: stack.voltage, stack.power, stack.temperature","stack electrical/thermal observer",farthest legal scalar bound; arrays use shape-preserving in-range perturbation,SimulationInput read-back; referenced consumer; primary model observable changes; declared direction holds when applicable.,1,
device.stack.meaRho_kg_m3,stack,DeviceStackMrhoEditField,controls.devices.stack.meaRho_kg_m3,"SimulationInput.setVariable(stack_mea_rho)","SimulationInput.setVariable(stack_mea_rho); model variable stack_mea_rho; model users Stack_Core/MEA
Thermal Mass",write_target_referenced,physical_response,always active for this case,stack.voltage; stack.power; stack.temperature,"input kg/m^3; primary observation units declared in observation registry: stack.voltage, stack.power, stack.temperature","stack electrical/thermal observer",farthest legal scalar bound; arrays use shape-preserving in-range perturbation,SimulationInput read-back; referenced consumer; primary model observable changes; declared direction holds when applicable.,1,
device.stack.gdlThickness_um,stack,DeviceStackGdlEditField,controls.devices.stack.gdlThickness_um,"SimulationInput.setVariable(stack_t_gdl)","SimulationInput.setVariable(stack_t_gdl); model variable stack_t_gdl; model users Stack_Core/MEA
Thermal Mass",write_target_referenced,physical_response,always active for this case,stack.voltage; stack.power; stack.temperature,"input um; primary observation units declared in observation registry: stack.voltage, stack.power, stack.temperature","stack electrical/thermal observer",farthest legal scalar bound; arrays use shape-preserving in-range perturbation,SimulationInput read-back; referenced consumer; primary model observable changes; declared direction holds when applicable.,1,
device.stack.membraneThickness_um,stack,DeviceStackMembraneEditField,controls.devices.stack.membraneThickness_um,"SimulationInput.setVariable(stack_t_membrane)","SimulationInput.setVariable(stack_t_membrane); model variable stack_t_membrane; model users Stack_Core/MEA
Thermal Mass; Stack_Core/Membrane Electrode
Assembly",write_target_referenced,physical_response,always active for this case,stack.voltage; stack.power; stack.temperature,"input um; primary observation units declared in observation registry: stack.voltage, stack.power, stack.temperature","stack electrical/thermal observer",farthest legal scalar bound; arrays use shape-preserving in-range perturbation,SimulationInput read-back; referenced consumer; primary model observable changes; declared direction holds when applicable.,1,
device.cathode.intercoolerMdotNominal_kg_s,cathode,DeviceIntercoolerMdotEditField,controls.devices.cathode.intercoolerMdotNominal_kg_s,"SimulationInput.setVariable(intercooler_mdot_nominal)","SimulationInput.setVariable(intercooler_mdot_nominal); model variable intercooler_mdot_nominal; model users Cathode_Air_cEGR_BOP/Oxygen
Source/Intercooler_L2_Interface",write_target_referenced,physical_response,always active for this case,cathode.compressorInletPressure; cathode.compressorInletMassFlow; cathode.outletPressure,"input kg/s; primary observation units declared in observation registry: cathode.compressorInletPressure, cathode.compressorInletMassFlow, cathode.outletPressure","cathode exhaust outlet pressure observer (Pa; displayed MPa)",farthest legal scalar bound; arrays use shape-preserving in-range perturbation,SimulationInput read-back; referenced consumer; primary model observable changes; declared direction holds when applicable.,1,
device.cathode.intercoolerDpNominal_MPa,cathode,DeviceIntercoolerDpEditField,controls.devices.cathode.intercoolerDpNominal_MPa,"SimulationInput.setVariable(intercooler_dp_nominal)","SimulationInput.setVariable(intercooler_dp_nominal); model variable intercooler_dp_nominal; model users Cathode_Air_cEGR_BOP/Oxygen
Source/Intercooler_L2_Interface",write_target_referenced,physical_response,always active for this case,cathode.compressorInletPressure; cathode.compressorInletMassFlow; cathode.outletPressure,"input MPa; primary observation units declared in observation registry: cathode.compressorInletPressure, cathode.compressorInletMassFlow, cathode.outletPressure","cathode exhaust outlet pressure observer (Pa; displayed MPa)",farthest legal scalar bound; arrays use shape-preserving in-range perturbation,SimulationInput read-back; referenced consumer; primary model observable changes; declared direction holds when applicable.,1,
device.cathode.intercoolerArea_m2,cathode,DeviceIntercoolerAreaEditField,controls.devices.cathode.intercoolerArea_m2,"SimulationInput.setVariable(intercooler_area)","SimulationInput.setVariable(intercooler_area); model variable intercooler_area; model users Cathode_Air_cEGR_BOP/Oxygen
Source/Intercooler_L2_Interface",write_target_referenced,physical_response,always active for this case,cathode.compressorInletPressure; cathode.compressorInletMassFlow; cathode.outletPressure,"input m^2; primary observation units declared in observation registry: cathode.compressorInletPressure, cathode.compressorInletMassFlow, cathode.outletPressure","cathode exhaust outlet pressure observer (Pa; displayed MPa)",farthest legal scalar bound; arrays use shape-preserving in-range perturbation,SimulationInput read-back; referenced consumer; primary model observable changes; declared direction holds when applicable.,1,
device.cathode.intercoolerLaminarFraction,cathode,DeviceIntercoolerLaminarEditField,controls.devices.cathode.intercoolerLaminarFraction,"SimulationInput.setVariable(intercooler_laminar_fraction)","SimulationInput.setVariable(intercooler_laminar_fraction); model variable intercooler_laminar_fraction; model users Cathode_Air_cEGR_BOP/Oxygen
Source/Intercooler_L2_Interface",write_target_referenced,physical_response,always active for this case,cathode.compressorInletPressure; cathode.compressorInletMassFlow; cathode.outletPressure,"input -; primary observation units declared in observation registry: cathode.compressorInletPressure, cathode.compressorInletMassFlow, cathode.outletPressure","cathode exhaust outlet pressure observer (Pa; displayed MPa)",farthest legal scalar bound; arrays use shape-preserving in-range perturbation,SimulationInput read-back; referenced consumer; primary model observable changes; declared direction holds when applicable.,1,
device.cathode.separatorMdotNominal_kg_s,cathode,DeviceCathodeSeparatorMdotEditField,controls.devices.cathode.separatorMdotNominal_kg_s,"SimulationInput.setVariable(cathode_separator_mdot_nominal)","SimulationInput.setVariable(cathode_separator_mdot_nominal); model variable cathode_separator_mdot_nominal; model users Cathode_Exhaust_Backpressure_Water/CathodeWaterSeparator_FC",write_target_referenced,physical_response,always active for this case,cathode.compressorInletPressure; cathode.compressorInletMassFlow; cathode.outletPressure,"input kg/s; primary observation units declared in observation registry: cathode.compressorInletPressure, cathode.compressorInletMassFlow, cathode.outletPressure","cathode exhaust outlet pressure observer (Pa; displayed MPa)",farthest legal scalar bound; arrays use shape-preserving in-range perturbation,SimulationInput read-back; referenced consumer; primary model observable changes; declared direction holds when applicable.,1,
device.cathode.separatorDpNominal_MPa,cathode,DeviceCathodeSeparatorDpEditField,controls.devices.cathode.separatorDpNominal_MPa,"SimulationInput.setVariable(cathode_separator_dp_nominal)","SimulationInput.setVariable(cathode_separator_dp_nominal); model variable cathode_separator_dp_nominal; model users Cathode_Exhaust_Backpressure_Water/CathodeWaterSeparator_FC",write_target_referenced,physical_response,always active for this case,cathode.compressorInletPressure; cathode.compressorInletMassFlow; cathode.outletPressure,"input MPa; primary observation units declared in observation registry: cathode.compressorInletPressure, cathode.compressorInletMassFlow, cathode.outletPressure","cathode exhaust outlet pressure observer (Pa; displayed MPa)",farthest legal scalar bound; arrays use shape-preserving in-range perturbation,SimulationInput read-back; referenced consumer; primary model observable changes; declared direction holds when applicable.,1,
device.cathode.separatorArea_m2,cathode,DeviceCathodeSeparatorAreaEditField,controls.devices.cathode.separatorArea_m2,"SimulationInput.setVariable(cathode_separator_area)","SimulationInput.setVariable(cathode_separator_area); model variable cathode_separator_area; model users Cathode_Exhaust_Backpressure_Water/CathodeWaterSeparator_FC",write_target_referenced,physical_response,always active for this case,cathode.compressorInletPressure; cathode.compressorInletMassFlow; cathode.outletPressure,"input m^2; primary observation units declared in observation registry: cathode.compressorInletPressure, cathode.compressorInletMassFlow, cathode.outletPressure","cathode exhaust outlet pressure observer (Pa; displayed MPa)",farthest legal scalar bound; arrays use shape-preserving in-range perturbation,SimulationInput read-back; referenced consumer; primary model observable changes; declared direction holds when applicable.,1,
device.cathode.separatorLaminarFraction,cathode,DeviceCathodeSeparatorLaminarEditField,controls.devices.cathode.separatorLaminarFraction,"SimulationInput.setVariable(cathode_separator_laminar_fraction)","SimulationInput.setVariable(cathode_separator_laminar_fraction); model variable cathode_separator_laminar_fraction; model users Cathode_Exhaust_Backpressure_Water/CathodeWaterSeparator_FC",write_target_referenced,physical_response,always active for this case,cathode.compressorInletPressure; cathode.compressorInletMassFlow; cathode.outletPressure,"input -; primary observation units declared in observation registry: cathode.compressorInletPressure, cathode.compressorInletMassFlow, cathode.outletPressure","cathode exhaust outlet pressure observer (Pa; displayed MPa)",farthest legal scalar bound; arrays use shape-preserving in-range perturbation,SimulationInput read-back; referenced consumer; primary model observable changes; declared direction holds when applicable.,1,
device.cathode.mixerVolume_L,cathode,DeviceCathodeMixerVolumeEditField,controls.devices.cathode.mixerVolume_L,"SimulationInput.setVariable(comp_inlet_mixer_V)","SimulationInput.setVariable(comp_inlet_mixer_V); model variable comp_inlet_mixer_V; model users Cathode_Air_cEGR_BOP/Oxygen
Source/CompressorInletMixer",write_target_referenced,physical_response,always active for this case,cathode.compressorInletPressure; cathode.compressorInletMassFlow; cathode.outletPressure,"input L; primary observation units declared in observation registry: cathode.compressorInletPressure, cathode.compressorInletMassFlow, cathode.outletPressure","cathode exhaust outlet pressure observer (Pa; displayed MPa)",farthest legal scalar bound; arrays use shape-preserving in-range perturbation,SimulationInput read-back; referenced consumer; primary model observable changes; declared direction holds when applicable.,1,
device.cathode.outletChamberVolume_L,cathode,DeviceCathodeOutletVolumeEditField,controls.devices.cathode.outletChamberVolume_L,"SimulationInput.setVariable(cathode_outlet_chamber_V)","SimulationInput.setVariable(cathode_outlet_chamber_V); model variable cathode_outlet_chamber_V; model users Stack_Core/CathodeOutletChamber",write_target_referenced,physical_response,always active for this case,cathode.compressorInletPressure; cathode.compressorInletMassFlow; cathode.outletPressure,"input L; primary observation units declared in observation registry: cathode.compressorInletPressure, cathode.compressorInletMassFlow, cathode.outletPressure","cathode exhaust outlet pressure observer (Pa; displayed MPa)",farthest legal scalar bound; arrays use shape-preserving in-range perturbation,SimulationInput read-back; referenced consumer; primary model observable changes; declared direction holds when applicable.,1,
device.cathode.compressorMap.rpm_TLU,cathode,CompressorMapEditorButton,controls.devices.cathode.compressorMap.rpm_TLU,"routeA_validate_compressor_map -> SimulationInput.setVariable(comp_rpm_TLU, comp_p_ratio_TLU, comp_mdot_corr_TLU)","routeA_validate_compressor_map -> SimulationInput.setVariable(comp_rpm_TLU, comp_p_ratio_TLU, comp_mdot_corr_TLU); model variable comp_rpm_TLU; model users Cathode_Air_cEGR_BOP/Oxygen
Source/Compressor Control/A98_CompressorRpmCmd; Cathode_Air_cEGR_BOP/Oxygen
Source/Compressor Map/Corrected Flow
Table; Cathode_Air_cEGR_BOP/Oxygen
Source/Max rpm",write_target_referenced,physical_response,always active for this case,cathode.compressorInletMassFlow; cathode.compressorInletPressure; stack.power,"input rpm; primary observation units declared in observation registry: cathode.compressorInletMassFlow, cathode.compressorInletPressure, stack.power","stack electrical/thermal observer",farthest legal scalar bound; arrays use shape-preserving in-range perturbation,SimulationInput read-back; referenced consumer; primary model observable changes; declared direction holds when applicable.,1,
device.cathode.compressorMap.p_ratio_TLU,cathode,CompressorMapEditorButton,controls.devices.cathode.compressorMap.p_ratio_TLU,"routeA_validate_compressor_map -> SimulationInput.setVariable(comp_rpm_TLU, comp_p_ratio_TLU, comp_mdot_corr_TLU)","routeA_validate_compressor_map -> SimulationInput.setVariable(comp_rpm_TLU, comp_p_ratio_TLU, comp_mdot_corr_TLU); model variable comp_p_ratio_TLU; model users Cathode_Air_cEGR_BOP/Oxygen
Source/Compressor Map/Corrected Flow
Table",write_target_referenced,physical_response,always active for this case,cathode.compressorInletMassFlow; cathode.compressorInletPressure; stack.power,"input -; primary observation units declared in observation registry: cathode.compressorInletMassFlow, cathode.compressorInletPressure, stack.power","stack electrical/thermal observer",farthest legal scalar bound; arrays use shape-preserving in-range perturbation,SimulationInput read-back; referenced consumer; primary model observable changes; declared direction holds when applicable.,1,
device.cathode.compressorMap.mdot_corr_TLU,cathode,CompressorMapEditorButton,controls.devices.cathode.compressorMap.mdot_corr_TLU,"routeA_validate_compressor_map -> SimulationInput.setVariable(comp_rpm_TLU, comp_p_ratio_TLU, comp_mdot_corr_TLU)","routeA_validate_compressor_map -> SimulationInput.setVariable(comp_rpm_TLU, comp_p_ratio_TLU, comp_mdot_corr_TLU); model variable comp_mdot_corr_TLU; model users Cathode_Air_cEGR_BOP/Oxygen
Source/Compressor Map/Corrected Flow
Table",write_target_referenced,physical_response,always active for this case,cathode.compressorInletMassFlow; cathode.compressorInletPressure; stack.power,"input kg/s; primary observation units declared in observation registry: cathode.compressorInletMassFlow, cathode.compressorInletPressure, stack.power","stack electrical/thermal observer",farthest legal scalar bound; arrays use shape-preserving in-range perturbation,SimulationInput read-back; referenced consumer; primary model observable changes; declared direction holds when applicable.,1,
device.cegr.valveMaxArea_m2,cegr,DeviceCegrValveMaxAreaEditField,controls.devices.cegr.valveMaxArea_m2,"SimulationInput.setVariable(cegr_valve_max_area)","SimulationInput.setVariable(cegr_valve_max_area); model variable cegr_valve_max_area; model users Cathode_Air_cEGR_BOP/EGRValveRestriction/Open/LocalRestriction; System_Control_Observability/FCU_BoP_Control/EGR Area Limit; System_Control_Observability/FCU_BoP_Control/EGR Ratio PI; ... (+1)",write_target_referenced,physical_response,always active for this case,cegr.actualRatio; cegr.massFlow; cegr.valveAreaCommand,"input m^2; primary observation units declared in observation registry: cegr.actualRatio, cegr.massFlow, cegr.valveAreaCommand","cEGR branch flow/valve observers between cathode exhaust split and compressor-inlet mixer",farthest legal scalar bound; arrays use shape-preserving in-range perturbation,SimulationInput read-back; referenced consumer; primary model observable changes; declared direction holds when applicable.,1,
device.cegr.pipeLength_m,cegr,DeviceCegrPipeLengthEditField,controls.devices.cegr.pipeLength_m,"SimulationInput.setVariable(cegr_pipe_length)","SimulationInput.setVariable(cegr_pipe_length); model variable cegr_pipe_length; model users Cathode_Air_cEGR_BOP/EGRPipe",write_target_referenced,physical_response,always active for this case,cegr.actualRatio; cegr.massFlow; cegr.valveAreaCommand,"input m; primary observation units declared in observation registry: cegr.actualRatio, cegr.massFlow, cegr.valveAreaCommand","cEGR branch flow/valve observers between cathode exhaust split and compressor-inlet mixer",farthest legal scalar bound; arrays use shape-preserving in-range perturbation,SimulationInput read-back; referenced consumer; primary model observable changes; declared direction holds when applicable.,1,
device.cegr.pipeDiameter_m,cegr,DeviceCegrPipeDEditField,controls.devices.cegr.pipeDiameter_m,"SimulationInput.setVariable(cegr_pipe_D, cegr_pipe_area=pi*D^2/4)","SimulationInput.setVariable(cegr_pipe_D, cegr_pipe_area=pi*D^2/4); model variable cegr_pipe_D; model users Cathode_Air_cEGR_BOP/EGRPipe",write_target_referenced,physical_response,always active for this case,cegr.actualRatio; cegr.massFlow; cegr.valveAreaCommand,"input m; primary observation units declared in observation registry: cegr.actualRatio, cegr.massFlow, cegr.valveAreaCommand","cEGR branch flow/valve observers between cathode exhaust split and compressor-inlet mixer",farthest legal scalar bound; arrays use shape-preserving in-range perturbation,SimulationInput read-back; referenced consumer; primary model observable changes; declared direction holds when applicable.,1,
device.cegr.pipeRoughness_m,cegr,DeviceCegrPipeRoughnessEditField,controls.devices.cegr.pipeRoughness_m,"SimulationInput.setVariable(cegr_pipe_roughness)","SimulationInput.setVariable(cegr_pipe_roughness); model variable cegr_pipe_roughness; model users Cathode_Air_cEGR_BOP/EGRPipe",write_target_referenced,physical_response,always active for this case,cegr.actualRatio; cegr.massFlow; cegr.valveAreaCommand,"input m; primary observation units declared in observation registry: cegr.actualRatio, cegr.massFlow, cegr.valveAreaCommand","cEGR branch flow/valve observers between cathode exhaust split and compressor-inlet mixer",farthest legal scalar bound; arrays use shape-preserving in-range perturbation,SimulationInput read-back; referenced consumer; primary model observable changes; declared direction holds when applicable.,1,
device.cegr.condensationTau_s,cegr,DeviceCegrCondTauEditField,controls.devices.cegr.condensationTau_s,"SimulationInput.setVariable(cegr_cond_tau)","SimulationInput.setVariable(cegr_cond_tau); model variable cegr_cond_tau; model users Cathode_Air_cEGR_BOP/EGRPipe; Cathode_Air_cEGR_BOP/Oxygen
Source/CompressorInletMixer; Stack_Core/CathodeOutletChamber",write_target_referenced,physical_response,always active for this case,cegr.actualRatio; cegr.massFlow; cegr.valveAreaCommand,"input s; primary observation units declared in observation registry: cegr.actualRatio, cegr.massFlow, cegr.valveAreaCommand","cEGR branch flow/valve observers between cathode exhaust split and compressor-inlet mixer",farthest legal scalar bound; arrays use shape-preserving in-range perturbation,SimulationInput read-back; referenced consumer; primary model observable changes; declared direction holds when applicable.,1,
device.cegr.inletMixerPressure_MPa_abs,cegr,DeviceCegrInletMixerP0EditField,controls.devices.cegr.inletMixerPressure_MPa_abs,"SimulationInput.setVariable(cegr_inlet_mixer_p0)","SimulationInput.setVariable(cegr_inlet_mixer_p0); model variable cegr_inlet_mixer_p0; model users Cathode_Air_cEGR_BOP/Oxygen
Source/CompressorInletMixer",write_target_referenced,physical_response,always active for this case,cegr.actualRatio; cegr.massFlow; cegr.valveAreaCommand,"input MPa(abs); primary observation units declared in observation registry: cegr.actualRatio, cegr.massFlow, cegr.valveAreaCommand","cEGR branch flow/valve observers between cathode exhaust split and compressor-inlet mixer",farthest legal scalar bound; arrays use shape-preserving in-range perturbation,SimulationInput read-back; referenced consumer; primary model observable changes; declared direction holds when applicable.,1,
device.cegr.outletChamberPressure_MPa_abs,cegr,DeviceCegrOutletP0EditField,controls.devices.cegr.outletChamberPressure_MPa_abs,"SimulationInput.setVariable(cegr_outlet_chamber_p0)","SimulationInput.setVariable(cegr_outlet_chamber_p0); model variable cegr_outlet_chamber_p0; model users Stack_Core/CathodeOutletChamber",write_target_referenced,physical_response,always active for this case,cegr.actualRatio; cegr.massFlow; cegr.valveAreaCommand,"input MPa(abs); primary observation units declared in observation registry: cegr.actualRatio, cegr.massFlow, cegr.valveAreaCommand","cEGR branch flow/valve observers between cathode exhaust split and compressor-inlet mixer",farthest legal scalar bound; arrays use shape-preserving in-range perturbation,SimulationInput read-back; referenced consumer; primary model observable changes; declared direction holds when applicable.,1,
device.cegr.pipeExtraLength_m,cegr,DeviceCegrPipeExtraLengthEditField,controls.devices.cegr.pipeExtraLength_m,"SimulationInput.setVariable(cegr_pipe_extra_length)","SimulationInput.setVariable(cegr_pipe_extra_length); model variable cegr_pipe_extra_length; model users Cathode_Air_cEGR_BOP/EGRPipe",write_target_referenced,physical_response,always active for this case,cegr.actualRatio; cegr.massFlow; cegr.valveAreaCommand,"input m; primary observation units declared in observation registry: cegr.actualRatio, cegr.massFlow, cegr.valveAreaCommand","cEGR branch flow/valve observers between cathode exhaust split and compressor-inlet mixer",farthest legal scalar bound; arrays use shape-preserving in-range perturbation,SimulationInput read-back; referenced consumer; primary model observable changes; declared direction holds when applicable.,1,
device.cegr.pipePressure_MPa_abs,cegr,DeviceCegrPipeP0EditField,controls.devices.cegr.pipePressure_MPa_abs,"SimulationInput.setVariable(cegr_pipe_p0)","SimulationInput.setVariable(cegr_pipe_p0); model variable cegr_pipe_p0; model users Cathode_Air_cEGR_BOP/EGRPipe",write_target_referenced,physical_response,always active for this case,cegr.actualRatio; cegr.massFlow; cegr.valveAreaCommand,"input MPa(abs); primary observation units declared in observation registry: cegr.actualRatio, cegr.massFlow, cegr.valveAreaCommand","cEGR branch flow/valve observers between cathode exhaust split and compressor-inlet mixer",farthest legal scalar bound; arrays use shape-preserving in-range perturbation,SimulationInput read-back; referenced consumer; primary model observable changes; declared direction holds when applicable.,1,
device.cegr.valveOpenMinArea_m2,cegr,DeviceCegrValveMinAreaEditField,controls.devices.cegr.valveOpenMinArea_m2,"SimulationInput.setVariable(cegr_valve_open_min_area)","SimulationInput.setVariable(cegr_valve_open_min_area); model variable cegr_valve_open_min_area; model users Cathode_Air_cEGR_BOP/EGRValveRestriction/Open/LocalRestriction; System_Control_Observability/FCU_BoP_Control/EGR Area Limit; System_Control_Observability/FCU_BoP_Control/EGR Ratio PI",write_target_referenced,physical_response,always active for this case,cegr.actualRatio; cegr.massFlow; cegr.valveAreaCommand,"input m^2; primary observation units declared in observation registry: cegr.actualRatio, cegr.massFlow, cegr.valveAreaCommand","cEGR branch flow/valve observers between cathode exhaust split and compressor-inlet mixer",farthest legal scalar bound; arrays use shape-preserving in-range perturbation,SimulationInput read-back; referenced consumer; primary model observable changes; declared direction holds when applicable.,1,
device.anode.tankPressure_MPa,anode,DeviceAnodeTankPressureEditField,controls.devices.anode.tankPressure_MPa,"SimulationInput.setVariable(tank_p)","SimulationInput.setVariable(tank_p); model variable tank_p; model users Anode_Hydrogen_BOP/Hydrogen
Source/Fuel Tank",write_target_referenced,physical_response,always active for this case,stack.power; stack.temperature,"input MPa; primary observation units declared in observation registry: stack.power, stack.temperature","stack electrical/thermal observer",farthest legal scalar bound; arrays use shape-preserving in-range perturbation,SimulationInput read-back; referenced consumer; primary model observable changes; declared direction holds when applicable.,1,
device.anode.tankVolume_L,anode,DeviceAnodeTankVolumeEditField,controls.devices.anode.tankVolume_L,"SimulationInput.setVariable(tank_V)","SimulationInput.setVariable(tank_V); model variable tank_V; model users Anode_Hydrogen_BOP/Hydrogen
Source/Fuel Tank",write_target_referenced,physical_response,always active for this case,stack.power; stack.temperature,"input L; primary observation units declared in observation registry: stack.power, stack.temperature","stack electrical/thermal observer",farthest legal scalar bound; arrays use shape-preserving in-range perturbation,SimulationInput read-back; referenced consumer; primary model observable changes; declared direction holds when applicable.,1,
device.anode.tankTemperature_C,anode,DeviceAnodeTankTemperatureEditField,controls.devices.anode.tankTemperature_C,"SimulationInput.setVariable(tank_T)","SimulationInput.setVariable(tank_T); model variable tank_T; model users Anode_Hydrogen_BOP/Hydrogen
Source/Fuel Tank",write_target_referenced,physical_response,always active for this case,stack.power; stack.temperature,"input degC; primary observation units declared in observation registry: stack.power, stack.temperature","stack electrical/thermal observer",farthest legal scalar bound; arrays use shape-preserving in-range perturbation,SimulationInput read-back; referenced consumer; primary model observable changes; declared direction holds when applicable.,1,
device.anode.separatorArea_m2,anode,DeviceAnodeSeparatorAreaEditField,controls.devices.anode.separatorArea_m2,"SimulationInput.setVariable(anode_separator_area)","SimulationInput.setVariable(anode_separator_area); model variable anode_separator_area; model users Anode_Hydrogen_BOP/AnodeWaterSeparator_FC",write_target_referenced,physical_response,always active for this case,stack.power; stack.temperature,"input m^2; primary observation units declared in observation registry: stack.power, stack.temperature","stack electrical/thermal observer",farthest legal scalar bound; arrays use shape-preserving in-range perturbation,SimulationInput read-back; referenced consumer; primary model observable changes; declared direction holds when applicable.,1,
device.anode.separatorLaminarFraction,anode,DeviceAnodeSeparatorLaminarEditField,controls.devices.anode.separatorLaminarFraction,"SimulationInput.setVariable(anode_separator_laminar_fraction)","SimulationInput.setVariable(anode_separator_laminar_fraction); model variable anode_separator_laminar_fraction; model users Anode_Hydrogen_BOP/AnodeWaterSeparator_FC",write_target_referenced,physical_response,always active for this case,stack.power; stack.temperature,"input -; primary observation units declared in observation registry: stack.power, stack.temperature","stack electrical/thermal observer",farthest legal scalar bound; arrays use shape-preserving in-range perturbation,SimulationInput read-back; referenced consumer; primary model observable changes; declared direction holds when applicable.,1,
device.anode.separatorMdotNominal_kg_s,anode,DeviceAnodeSeparatorMdotEditField,controls.devices.anode.separatorMdotNominal_kg_s,"SimulationInput.setVariable(anode_separator_mdot_nominal)","SimulationInput.setVariable(anode_separator_mdot_nominal); model variable anode_separator_mdot_nominal; model users Anode_Hydrogen_BOP/AnodeWaterSeparator_FC",write_target_referenced,physical_response,always active for this case,stack.power; stack.temperature,"input kg/s; primary observation units declared in observation registry: stack.power, stack.temperature","stack electrical/thermal observer",farthest legal scalar bound; arrays use shape-preserving in-range perturbation,SimulationInput read-back; referenced consumer; primary model observable changes; declared direction holds when applicable.,1,
device.anode.separatorDpNominal_MPa,anode,DeviceAnodeSeparatorDpEditField,controls.devices.anode.separatorDpNominal_MPa,"SimulationInput.setVariable(anode_separator_dp_nominal)","SimulationInput.setVariable(anode_separator_dp_nominal); model variable anode_separator_dp_nominal; model users Anode_Hydrogen_BOP/AnodeWaterSeparator_FC",write_target_referenced,physical_response,always active for this case,stack.power; stack.temperature,"input MPa; primary observation units declared in observation registry: stack.power, stack.temperature","stack electrical/thermal observer",farthest legal scalar bound; arrays use shape-preserving in-range perturbation,SimulationInput read-back; referenced consumer; primary model observable changes; declared direction holds when applicable.,1,
environment.ambientTemperature_C,environment,AdvancedAmbientTemperatureEditField,controls.environment.ambientTemperature_C,"SimulationInput.setVariable(env_T)","SimulationInput.setVariable(env_T); model variable env_T; model users Anode_Hydrogen_BOP/Anode
Humidifier/Pipe (N Gas); Anode_Hydrogen_BOP/Anode Exhaust/Environment; Anode_Hydrogen_BOP/Anode Exhaust/Environment
Temperature; ... (+20)",write_target_referenced,physical_response,always active for this case,stack.temperature; cathode.outletTemperature,"input degC; primary observation units declared in observation registry: stack.temperature, cathode.outletTemperature","stack thermal sensor or cathode exhaust temperature observer",farthest legal scalar bound; arrays use shape-preserving in-range perturbation,SimulationInput read-back; referenced consumer; primary model observable changes; declared direction holds when applicable.,1,
environment.ambientPressure_MPa_abs,environment,ParameterCatalogTable (read-only),controls.environment.ambientPressure_MPa_abs (fixed),"SimulationInput.setVariable(env_p=platform_default)","SimulationInput.setVariable(env_p=platform_default); model variable env_p; model users Anode_Hydrogen_BOP/Anode
Humidifier/Pipe (N Gas); Anode_Hydrogen_BOP/Anode Exhaust/Environment; Anode_Hydrogen_BOP/Anode Exhaust/Pipe (FC); ... (+11)",write_target_referenced,physical_response,always active for this case,cathode.compressorInletPressure; cathode.outletPressure,"input MPa(abs); primary observation units declared in observation registry: cathode.compressorInletPressure, cathode.outletPressure","cathode exhaust outlet pressure observer (Pa; displayed MPa)",farthest legal scalar bound; arrays use shape-preserving in-range perturbation,SimulationInput read-back; referenced consumer; primary model observable changes; declared direction holds when applicable.,1,
cathode.airController.Kp,cathode,AdvancedAirPidKpEditField,controls.cathode.airController.Kp,"SimulationInput.setVariable(routeA_air_pid_Kp)","SimulationInput.setVariable(routeA_air_pid_Kp); model variable routeA_air_pid_Kp; model users Cathode_Air_cEGR_BOP/Oxygen
Source/Compressor Control/PID Controller",write_target_referenced,physical_response,always active for this case,cathode.compressorInletMassFlow; stack.power,"input -; primary observation units declared in observation registry: cathode.compressorInletMassFlow, stack.power","stack electrical/thermal observer",farthest legal scalar bound; arrays use shape-preserving in-range perturbation,SimulationInput read-back; referenced consumer; primary model observable changes; declared direction holds when applicable.,1,
cathode.airController.Ki,cathode,AdvancedAirPidKiEditField,controls.cathode.airController.Ki,"SimulationInput.setVariable(routeA_air_pid_Ki)","SimulationInput.setVariable(routeA_air_pid_Ki); model variable routeA_air_pid_Ki; model users Cathode_Air_cEGR_BOP/Oxygen
Source/Compressor Control/PID Controller",write_target_referenced,physical_response,always active for this case,cathode.compressorInletMassFlow; stack.power,"input 1/s; primary observation units declared in observation registry: cathode.compressorInletMassFlow, stack.power","stack electrical/thermal observer",farthest legal scalar bound; arrays use shape-preserving in-range perturbation,SimulationInput read-back; referenced consumer; primary model observable changes; declared direction holds when applicable.,1,
cegr.directValveArea_m2,cegr,AdvancedCegrDirectAreaEditField,controls.cegr.directValveArea_m2,"SimulationInput.setVariable(routeA_egr_valve_area_direct)","SimulationInput.setVariable(routeA_egr_valve_area_direct); model variable routeA_egr_valve_area_direct; model users System_Control_Observability/FCU_BoP_Control/Direct EGR Area",write_target_referenced,physical_response,cegr.enabled=true and cegr.controlMode=2,cegr.valveAreaCommand; cegr.actualRatio,"input m^2; primary observation units declared in observation registry: cegr.valveAreaCommand, cegr.actualRatio","cEGR branch flow/valve observers between cathode exhaust split and compressor-inlet mixer",farthest legal scalar bound; arrays use shape-preserving in-range perturbation,SimulationInput read-back; referenced consumer; primary model observable changes; declared direction holds when applicable.,1,
cegr.directTargetRatio,cegr,AdvancedCegrDirectTargetEditField,controls.cegr.directTargetRatio,"SimulationInput.setVariable(routeA_target_egr_ratio_comp_in)","SimulationInput.setVariable(routeA_target_egr_ratio_comp_in); model variable routeA_target_egr_ratio_comp_in; model users System_Control_Observability/FCU_BoP_Control/Target EGR Ratio",write_target_referenced,physical_response,cegr.enabled=true and cegr.controlMode=2,cegr.actualRatio; cegr.massFlow,"input -; primary observation units declared in observation registry: cegr.actualRatio, cegr.massFlow","cEGR branch flow/valve observers between cathode exhaust split and compressor-inlet mixer",farthest legal scalar bound; arrays use shape-preserving in-range perturbation,SimulationInput read-back; referenced consumer; primary model observable changes; declared direction holds when applicable.,1,
device.thermal.coolantGeometry.channelWidth_cm,thermal,DeviceCoolantChannelWidthEditField,controls.devices.thermal.coolantGeometry.channelWidth_cm,"SimulationInput.setVariable(coolant_w_channels)","SimulationInput.setVariable(coolant_w_channels); model variable coolant_w_channels; model users Thermal_Management_BOP/Cooling System/Fuel Cell
Coolant Channels",write_target_referenced,physical_response,always active for this case,stack.temperature; stack.power,"input cm; primary observation units declared in observation registry: stack.temperature, stack.power","stack electrical/thermal observer",farthest legal scalar bound; arrays use shape-preserving in-range perturbation,SimulationInput read-back; referenced consumer; primary model observable changes; declared direction holds when applicable.,1,
device.thermal.coolantGeometry.numLayers,thermal,DeviceCoolantNumLayersEditField,controls.devices.thermal.coolantGeometry.numLayers,"SimulationInput.setVariable(coolant_num_layers)","SimulationInput.setVariable(coolant_num_layers); model variable coolant_num_layers; model users Thermal_Management_BOP/Cooling System/Fuel Cell
Coolant Channels",write_target_referenced,physical_response,always active for this case,stack.temperature; stack.power,"input -; primary observation units declared in observation registry: stack.temperature, stack.power","stack electrical/thermal observer",farthest legal scalar bound; arrays use shape-preserving in-range perturbation,SimulationInput read-back; referenced consumer; primary model observable changes; declared direction holds when applicable.,1,
device.thermal.coolantGeometry.numPasses,thermal,DeviceCoolantNumPassesEditField,controls.devices.thermal.coolantGeometry.numPasses,"SimulationInput.setVariable(coolant_num_passes)","SimulationInput.setVariable(coolant_num_passes); model variable coolant_num_passes; model users Thermal_Management_BOP/Cooling System/Fuel Cell
Coolant Channels",write_target_referenced,physical_response,always active for this case,stack.temperature; stack.power,"input -; primary observation units declared in observation registry: stack.temperature, stack.power","stack electrical/thermal observer",farthest legal scalar bound; arrays use shape-preserving in-range perturbation,SimulationInput read-back; referenced consumer; primary model observable changes; declared direction holds when applicable.,1,
device.thermal.coolantGeometry.tubeDiameter_m,thermal,DeviceCoolantTubeDEditField,controls.devices.thermal.coolantGeometry.tubeDiameter_m,"SimulationInput.setVariable(coolant_tube_D)","SimulationInput.setVariable(coolant_tube_D); model variable coolant_tube_D; model users Thermal_Management_BOP/Cooling System/Flow Resistance (TL); Thermal_Management_BOP/Cooling System/Pump",write_target_referenced,physical_response,always active for this case,stack.temperature; stack.power,"input m; primary observation units declared in observation registry: stack.temperature, stack.power","stack electrical/thermal observer",farthest legal scalar bound; arrays use shape-preserving in-range perturbation,SimulationInput read-back; referenced consumer; primary model observable changes; declared direction holds when applicable.,1,
device.thermal.radiatorCore.length_m,thermal,DeviceRadiatorLengthEditField,controls.devices.thermal.radiatorCore.length_m,"SimulationInput.setVariable(radiator_L)","SimulationInput.setVariable(radiator_L); model variable radiator_L; model users Thermal_Management_BOP/Cooling System/Radiator",write_target_referenced,physical_response,always active for this case,stack.temperature; stack.power,"input m; primary observation units declared in observation registry: stack.temperature, stack.power","stack electrical/thermal observer",farthest legal scalar bound; arrays use shape-preserving in-range perturbation,SimulationInput read-back; referenced consumer; primary model observable changes; declared direction holds when applicable.,1,
device.thermal.radiatorCore.width_m,thermal,DeviceRadiatorWidthEditField,controls.devices.thermal.radiatorCore.width_m,"SimulationInput.setVariable(radiator_W)","SimulationInput.setVariable(radiator_W); model variable radiator_W; model users Thermal_Management_BOP/Cooling System/Radiator",write_target_referenced,physical_response,always active for this case,stack.temperature; stack.power,"input m; primary observation units declared in observation registry: stack.temperature, stack.power","stack electrical/thermal observer",farthest legal scalar bound; arrays use shape-preserving in-range perturbation,SimulationInput read-back; referenced consumer; primary model observable changes; declared direction holds when applicable.,1,
device.thermal.radiatorCore.height_m,thermal,DeviceRadiatorHeightEditField,controls.devices.thermal.radiatorCore.height_m,"SimulationInput.setVariable(derived radiator air areas and tube equivalent length)","SimulationInput.setVariable(derived radiator air areas and tube equivalent length); model variable radiator_air_area_primary; model users Thermal_Management_BOP/Cooling System/Convective Heat
Transfer; Thermal_Management_BOP/Cooling System/Thermal Mass",write_target_referenced,physical_response,always active for this case,stack.temperature; stack.power,"input m; primary observation units declared in observation registry: stack.temperature, stack.power","stack electrical/thermal observer",farthest legal scalar bound; arrays use shape-preserving in-range perturbation,SimulationInput read-back; referenced consumer; primary model observable changes; declared direction holds when applicable.,1,
device.thermal.radiatorCore.tubeCount,thermal,DeviceRadiatorTubeCountEditField,controls.devices.thermal.radiatorCore.tubeCount,"SimulationInput.setVariable(radiator_N_tubes)","SimulationInput.setVariable(radiator_N_tubes); model variable radiator_N_tubes; model users Thermal_Management_BOP/Cooling System/Radiator",write_target_referenced,physical_response,always active for this case,stack.temperature; stack.power,"input -; primary observation units declared in observation registry: stack.temperature, stack.power","stack electrical/thermal observer",farthest legal scalar bound; arrays use shape-preserving in-range perturbation,SimulationInput read-back; referenced consumer; primary model observable changes; declared direction holds when applicable.,1,
device.thermal.radiatorCore.tubeHeight_m,thermal,DeviceRadiatorTubeHeightEditField,controls.devices.thermal.radiatorCore.tubeHeight_m,"SimulationInput.setVariable(radiator_tube_H)","SimulationInput.setVariable(radiator_tube_H); model variable radiator_tube_H; model users Thermal_Management_BOP/Cooling System/Radiator",write_target_referenced,physical_response,always active for this case,stack.temperature; stack.power,"input m; primary observation units declared in observation registry: stack.temperature, stack.power","stack electrical/thermal observer",farthest legal scalar bound; arrays use shape-preserving in-range perturbation,SimulationInput read-back; referenced consumer; primary model observable changes; declared direction holds when applicable.,1,
device.thermal.radiatorCore.finSpacing_m,thermal,DeviceRadiatorFinSpacingEditField,controls.devices.thermal.radiatorCore.finSpacing_m,"SimulationInput.setVariable(derived radiator air areas and tube equivalent length)","SimulationInput.setVariable(derived radiator air areas and tube equivalent length); model variable radiator_air_area_fins; model users Thermal_Management_BOP/Cooling System/Convective Heat
Transfer; Thermal_Management_BOP/Cooling System/Thermal Mass",write_target_referenced,physical_response,always active for this case,stack.temperature; stack.power,"input m; primary observation units declared in observation registry: stack.temperature, stack.power","stack electrical/thermal observer",farthest legal scalar bound; arrays use shape-preserving in-range perturbation,SimulationInput read-back; referenced consumer; primary model observable changes; declared direction holds when applicable.,1,
device.thermal.radiatorCore.finEfficiency,thermal,DeviceRadiatorFinEfficiencyEditField,controls.devices.thermal.radiatorCore.finEfficiency,"SimulationInput.setVariable(radiator_eta_fin)","SimulationInput.setVariable(radiator_eta_fin); model variable radiator_eta_fin; model users Thermal_Management_BOP/Cooling System/Convective Heat
Transfer",write_target_referenced,physical_response,always active for this case,stack.temperature; stack.power,"input -; primary observation units declared in observation registry: stack.temperature, stack.power","stack electrical/thermal observer",farthest legal scalar bound; arrays use shape-preserving in-range perturbation,SimulationInput read-back; referenced consumer; primary model observable changes; declared direction holds when applicable.,1,
device.thermal.radiatorCore.wallThickness_m,thermal,DeviceRadiatorWallThicknessEditField,controls.devices.thermal.radiatorCore.wallThickness_m,"SimulationInput.setVariable(radiator_t_wall)","SimulationInput.setVariable(radiator_t_wall); model variable radiator_t_wall; model users Thermal_Management_BOP/Cooling System/Thermal Mass",write_target_referenced,physical_response,always active for this case,stack.temperature; stack.power,"input m; primary observation units declared in observation registry: stack.temperature, stack.power","stack electrical/thermal observer",farthest legal scalar bound; arrays use shape-preserving in-range perturbation,SimulationInput read-back; referenced consumer; primary model observable changes; declared direction holds when applicable.,1,
device.thermal.radiatorCore.density_kg_m3,thermal,DeviceRadiatorDensityEditField,controls.devices.thermal.radiatorCore.density_kg_m3,"SimulationInput.setVariable(radiator_rho)","SimulationInput.setVariable(radiator_rho); model variable radiator_rho; model users Thermal_Management_BOP/Cooling System/Thermal Mass",write_target_referenced,physical_response,always active for this case,stack.temperature; stack.power,"input kg/m^3; primary observation units declared in observation registry: stack.temperature, stack.power","stack electrical/thermal observer",farthest legal scalar bound; arrays use shape-preserving in-range perturbation,SimulationInput read-back; referenced consumer; primary model observable changes; declared direction holds when applicable.,1,
device.thermal.radiatorCore.specificHeat_J_kgK,thermal,DeviceRadiatorSpecificHeatEditField,controls.devices.thermal.radiatorCore.specificHeat_J_kgK,"SimulationInput.setVariable(radiator_cp)","SimulationInput.setVariable(radiator_cp); model variable radiator_cp; model users Thermal_Management_BOP/Cooling System/Thermal Mass",write_target_referenced,physical_response,always active for this case,stack.temperature; stack.power,"input J/(kg*K); primary observation units declared in observation registry: stack.temperature, stack.power","stack electrical/thermal observer",farthest legal scalar bound; arrays use shape-preserving in-range perturbation,SimulationInput read-back; referenced consumer; primary model observable changes; declared direction holds when applicable.,1,
thermal.stackTemperatureSet_C,thermal,StackTemperatureEditField|SourceTemperatureEditField|AdvancedStackTemperatureEditField,controls.thermal.stackTemperatureSet_C,"routeA_command_profile.stack_temperature_set_C","routeA_command_profile.stack_temperature_set_C; model variable routeA_stack_temperature_set_C; model users System_Control_Observability/FCU_BoP_Control/RouteA_Command_Profile/Command_Profile_Input",write_target_referenced,physical_response,always active for this case,stack.temperature,"input degC; primary observation units declared in observation registry: stack.temperature","stack electrical/thermal observer",farthest legal scalar bound; arrays use shape-preserving in-range perturbation,SimulationInput read-back; referenced consumer; primary model observable changes; declared direction holds when applicable.,1,
solver.stopTime_s,solver,StopTimeEditField|AdvancedStopTimeEditField,solver.stopTime_s,"SimulationInput.setModelParameter(StopTime)","SimulationInput.setModelParameter(StopTime); reference state SimulationInput_model_parameter",SimulationInput_model_parameter,numerical_integrity,numerical configuration applied before sim(),stack.current; stack.voltage; cathode.outletPressure,"model parameter; physical checks A, V, and MPa","cathode exhaust outlet pressure observer (Pa; displayed MPa)",farthest legal scalar bound; arrays use shape-preserving in-range perturbation,SimulationInput model-parameter read-back; both simulations execute; declared physical checks remain within 5 percent.,1,
solver.solver,solver,AdvancedSolverDropDown,solver.solver,"SimulationInput.setModelParameter(Solver)","SimulationInput.setModelParameter(Solver); reference state SimulationInput_model_parameter",SimulationInput_model_parameter,numerical_integrity,numerical configuration applied before sim(),stack.current; stack.voltage; cathode.outletPressure,"model parameter; physical checks A, V, and MPa","cathode exhaust outlet pressure observer (Pa; displayed MPa)",explicit alternate legal categorical value,SimulationInput model-parameter read-back; both simulations execute; declared physical checks remain within 5 percent.,1,
solver.relTol,solver,AdvancedRelTolEditField,solver.relTol,"SimulationInput.setModelParameter(RelTol)","SimulationInput.setModelParameter(RelTol); reference state SimulationInput_model_parameter",SimulationInput_model_parameter,numerical_integrity,numerical configuration applied before sim(),stack.current; stack.voltage; cathode.outletPressure,"model parameter; physical checks A, V, and MPa","cathode exhaust outlet pressure observer (Pa; displayed MPa)",farthest legal scalar bound; arrays use shape-preserving in-range perturbation,SimulationInput model-parameter read-back; both simulations execute; declared physical checks remain within 5 percent.,1,
solver.absTol,solver,AdvancedAbsTolEditField,solver.absTol,"SimulationInput.setModelParameter(AbsTol)","SimulationInput.setModelParameter(AbsTol); reference state SimulationInput_model_parameter",SimulationInput_model_parameter,numerical_integrity,numerical configuration applied before sim(),stack.current; stack.voltage; cathode.outletPressure,"model parameter; physical checks A, V, and MPa","cathode exhaust outlet pressure observer (Pa; displayed MPa)",farthest legal scalar bound; arrays use shape-preserving in-range perturbation,SimulationInput model-parameter read-back; both simulations execute; declared physical checks remain within 5 percent.,1,
solver.maxStep_s,solver,AdvancedMaxStepEditField,solver.maxStep_s,"SimulationInput.setModelParameter(MaxStep)","SimulationInput.setModelParameter(MaxStep); reference state SimulationInput_model_parameter",SimulationInput_model_parameter,numerical_integrity,numerical configuration applied before sim(),stack.current; stack.voltage; cathode.outletPressure,"model parameter; physical checks A, V, and MPa","cathode exhaust outlet pressure observer (Pa; displayed MPa)",farthest legal scalar bound; arrays use shape-preserving in-range perturbation,SimulationInput model-parameter read-back; both simulations execute; declared physical checks remain within 5 percent.,1,
